id,track_id,person_id,role_id,instrument,note
1,1,2,2,,
2,1,2,3,,
3,1,1,1,,
4,2,2,2,,
5,2,2,3,,
6,2,1,1,,
7,3,2,2,,
8,3,2,3,,
9,3,1,1,,
10,4,2,2,,
11,4,2,3,,
12,4,1,1,,
13,5,3,2,,
14,5,3,3,,
15,5,3,1,,
16,6,3,2,,
17,6,3,3,,
18,6,4,4,,
19,6,3,1,,
20,7,3,2,,
21,7,3,3,,
22,7,4,4,,
23,7,3,1,,
24,8,3,2,,
25,8,3,3,,
26,8,5,4,,
27,8,3,1,,
28,9,3,2,,
29,9,3,3,,
30,9,6,4,,
31,9,3,1,,
32,10,3,2,,
33,10,3,3,,
34,10,5,4,,
35,10,3,1,,
36,11,3,2,,
37,11,3,3,,
38,11,7,4,,
39,11,3,1,,
40,12,3,2,,
41,12,3,3,,
42,12,4,4,,
43,12,3,1,,
44,13,3,2,,
45,13,3,3,,
46,13,8,4,,
47,13,3,1,,
48,14,3,2,,
49,14,3,3,,
50,14,6,4,,
51,14,3,1,,
52,15,3,2,,
53,15,3,3,,
54,15,4,4,,
55,15,3,1,,
56,16,3,2,,
57,16,3,3,,
58,16,9,4,,
59,16,10,4,,
60,17,3,2,,
61,17,3,3,,
62,17,10,4,,
63,18,3,2,,
64,18,3,3,,
65,18,11,4,,
66,19,3,2,,
67,19,3,3,,
68,19,5,4,,
69,20,3,2,,
70,20,3,3,,
71,20,5,4,,
72,21,3,2,,
73,21,3,3,,
74,21,11,4,,
75,22,3,2,,
76,22,3,3,,
77,22,5,4,,
78,23,3,2,,
79,23,3,3,,
80,23,11,4,,
81,24,3,2,,
82,24,3,3,,
83,24,12,4,,
84,25,3,2,,
85,25,3,3,,
86,25,13,4,,
87,25,12,4,,
88,26,3,2,,
89,26,3,3,,
90,26,5,4,,
91,27,3,2,,
92,27,3,3,,
93,27,14,4,,
94,28,3,2,,
95,28,3,3,,
96,28,15,4,,
97,29,3,2,,
98,29,3,3,,
99,29,10,4,,
100,30,3,2,,
101,30,3,3,,
102,30,5,4,,
103,31,3,2,,
104,31,3,3,,
105,31,16,4,,
106,32,3,2,,
107,32,3,3,,
108,32,5,4,,
109,33,3,2,,
110,33,3,3,,
111,33,11,4,,
112,34,3,2,,
113,34,3,3,,
114,34,11,4,,
115,35,3,2,,
116,35,3,3,,
117,35,16,4,,
118,35,17,5,,
119,36,3,2,,
120,36,3,3,,
121,36,15,4,,
122,37,3,2,,
123,37,3,3,,
124,37,5,4,,
125,38,3,2,,
126,38,3,3,,
127,38,12,4,,
128,39,3,2,,
129,39,3,3,,
130,39,14,4,,
131,50,3,2,,
132,50,3,3,,
133,50,13,4,,
134,50,18,4,,
135,51,3,2,,
136,51,3,3,,
137,51,11,4,,
138,52,3,2,,
139,52,3,3,,
140,52,11,4,,
141,53,3,2,,
142,53,3,3,,
143,53,11,4,,
144,54,3,2,,
145,54,3,3,,
146,54,14,4,,
147,55,3,2,,
148,55,3,3,,
149,55,6,4,,
150,56,3,2,,
151,56,3,3,,
152,56,5,4,,
153,57,3,2,,
154,57,3,3,,
155,57,9,4,,
156,57,13,4,,
157,57,18,4,,
158,58,3,2,,
159,58,3,3,,
160,58,11,4,,
161,59,3,2,,
162,59,3,3,,
163,59,18,4,,
164,59,9,4,,
165,60,3,2,,
166,60,3,3,,
167,60,13,4,,
168,60,18,4,,
169,60,19,4,,
170,61,3,2,,
171,61,3,3,,
172,61,14,4,,
173,62,3,2,,
174,62,3,3,,
175,62,13,4,,
176,62,20,4,,
177,62,18,4,,
178,63,3,2,,
179,63,3,3,,
180,63,14,4,,
181,64,3,2,,
182,64,3,3,,
183,64,13,4,,
184,64,18,4,,
185,65,3,2,,
186,65,3,3,,
187,65,21,4,,
188,66,3,2,,
189,66,3,3,,
190,66,22,4,,
191,67,3,2,,
192,67,3,3,,
193,67,13,4,,
194,67,9,4,,
195,67,18,4,,
196,68,3,2,,
197,68,3,3,,
198,68,9,4,,
199,68,18,4,,
200,69,3,2,,
201,69,3,3,,
202,69,5,4,,
203,70,3,2,,
204,70,3,3,,
205,70,14,4,,
206,71,3,2,,
207,71,3,3,,
208,71,5,4,,
209,72,3,2,,
210,72,3,3,,
211,72,23,4,,
212,73,3,2,,
213,73,3,3,,
214,73,11,4,,
215,74,3,2,,
216,74,3,3,,
217,74,24,4,,
218,74,13,4,,
219,74,18,4,,
220,75,3,2,,
221,75,3,3,,
222,75,11,4,,
223,76,26,2,,
224,76,26,3,,
225,76,26,4,,
226,77,27,2,,
227,77,26,3,,
228,77,26,4,,
229,78,28,2,,
230,78,28,3,,
231,78,25,4,,
232,78,29,5,,
233,79,30,2,,
234,79,25,3,,
235,79,25,4,,
236,79,29,5,,
237,78,31,4,,
238,78,32,4,,
239,78,33,5,,
240,80,28,2,,
241,80,28,3,,
242,80,25,4,,
243,80,31,4,,
244,80,32,4,,
245,80,33,5,,
246,81,34,2,,
247,81,34,3,,
248,81,25,4,,
249,81,31,4,,
250,81,32,4,,
251,81,33,5,,
252,82,28,2,,
253,82,28,3,,
254,82,25,4,,
255,82,31,4,,
256,82,32,4,,
257,82,33,5,,
258,83,28,2,,
259,83,28,3,,
260,83,25,4,,
261,83,31,4,,
262,83,32,4,,
263,83,33,5,,
264,84,34,2,,
265,84,34,3,,
266,84,25,4,,
267,84,31,4,,
268,84,32,4,,
269,84,33,5,,
270,85,34,2,,
271,85,34,3,,
272,85,25,4,,
273,85,31,4,,
274,85,32,4,,
275,85,33,5,,
276,86,28,2,,
277,86,28,3,,
278,86,25,4,,
279,86,31,4,,
280,86,32,4,,
281,86,33,5,,
282,87,34,2,,
283,87,34,3,,
284,87,25,4,,
285,87,31,4,,
286,87,32,4,,
287,87,33,5,,
288,88,34,2,,
289,88,34,3,,
290,88,25,4,,
291,88,31,4,,
292,88,32,4,,
293,88,33,5,,
294,89,28,2,,
295,89,28,3,,
296,89,25,4,,
297,89,31,4,,
298,89,32,4,,
299,89,33,5,,
300,90,28,2,,
301,90,28,3,,
302,90,28,4,,
303,91,34,2,,
304,91,35,3,,
305,91,34,4,,
306,92,36,2,,
307,92,34,3,,
308,92,25,4,,
309,93,34,2,,
310,93,34,3,,
311,93,25,4,,
312,94,34,2,,
313,94,35,3,,
314,94,25,4,,
315,95,34,2,,
316,95,34,3,,
317,95,25,4,,
318,96,28,2,,
319,96,28,3,,
320,96,25,4,,
321,97,28,2,,
322,97,28,3,,
323,97,25,4,,
324,98,34,2,,
325,98,34,3,,
326,98,25,4,,
327,99,28,2,,
328,99,28,3,,
329,99,25,4,,
330,100,34,2,,
331,100,34,3,,
332,100,25,4,,
333,101,34,2,,
334,101,34,3,,
335,101,25,4,,
336,102,28,2,,
337,102,28,3,,
338,102,25,4,,
339,103,28,2,,
340,103,28,3,,
341,103,25,4,,
342,104,37,2,,
343,104,38,3,,
344,104,39,4,,
345,105,37,2,,
346,105,38,3,,
347,105,39,4,,
348,106,40,2,,
349,106,41,3,,
350,107,42,2,,
351,107,43,3,,
352,108,44,2,,
353,108,45,3,,
354,109,46,2,,
355,109,47,3,,
356,110,46,2,,
357,110,47,3,,
358,111,48,2,,
359,111,49,3,,
360,112,50,2,,
361,112,51,3,,
362,113,52,2,,
363,113,52,3,,
364,114,53,2,,
365,114,53,3,,
366,115,54,2,,
367,115,54,3,,
368,116,53,2,,
369,116,53,3,,
370,117,55,2,,
371,117,56,3,,
372,119,57,2,,
373,119,57,3,,
374,120,58,2,,
375,120,59,3,,
376,122,60,2,,
377,122,60,3,,
378,123,34,2,,
379,123,34,3,,
380,124,28,2,,
381,124,28,3,,
382,125,28,2,,
383,125,28,3,,
384,126,28,2,,
385,126,28,3,,
386,127,34,2,,
387,127,34,3,,
388,128,34,2,,
389,128,34,3,,
390,129,28,2,,
391,129,28,3,,
392,130,28,2,,
393,130,28,3,,
394,131,34,2,,
395,131,34,3,,
396,132,28,2,,
397,132,28,3,,
398,133,59,2,,
399,133,59,3,,
400,134,28,2,,
401,134,28,3,,
402,134,25,4,,
403,135,34,2,,
404,135,34,3,,
405,135,25,4,,
406,136,28,2,,
407,136,28,3,,
408,136,25,4,,
409,137,28,2,,
410,137,28,3,,
411,137,25,4,,
412,138,28,2,,
413,138,28,3,,
414,138,25,4,,
415,139,34,2,,
416,139,34,3,,
417,139,25,4,,
418,140,34,2,,
419,140,34,3,,
420,140,25,4,,
421,141,28,2,,
422,141,28,3,,
423,141,25,4,,
424,142,34,2,,
425,142,34,3,,
426,142,25,4,,
427,143,28,2,,
428,143,28,3,,
429,143,25,4,,
430,144,28,2,,
431,144,34,3,,
432,144,25,4,,
433,145,28,2,,
434,145,28,3,,
435,145,25,4,,
436,146,28,2,,
437,146,28,3,,
438,146,25,4,,
439,147,34,2,,
440,147,34,3,,
441,147,25,4,,
442,148,28,2,,
443,148,28,3,,
444,148,25,4,,
445,149,34,2,,
446,149,34,3,,
447,149,25,4,,
448,150,28,2,,
449,150,28,3,,
450,150,25,4,,
451,151,34,2,,
452,151,34,3,,
453,151,25,4,,
454,152,34,2,,
455,152,34,3,,
456,152,25,4,,
457,153,34,2,,
458,153,34,3,,
459,153,25,4,,
460,154,28,2,,
461,154,28,3,,
462,154,25,4,,
463,155,28,2,,
464,155,28,3,,
465,155,25,4,,
466,156,34,2,,
467,156,34,3,,
468,156,25,4,,
469,157,34,2,,
470,157,34,3,,
471,157,25,4,,
472,158,28,2,,
473,158,28,3,,
474,158,25,4,,
475,159,34,2,,
476,159,34,3,,
477,159,25,4,,
478,160,28,2,,
479,160,28,3,,
480,160,25,4,,
481,161,34,2,,
482,161,34,3,,
483,161,25,4,,
484,162,28,2,,
485,162,28,3,,
486,162,25,4,,
487,163,28,2,,
488,163,28,3,,
489,163,25,4,,
490,164,28,2,,
491,164,28,3,,
492,164,25,4,,
493,165,34,2,,
494,165,34,3,,
495,165,25,4,,
496,165,61,5,,
497,166,28,2,,
498,166,28,3,,
499,166,62,4,,
500,166,28,5,,
501,167,34,2,,
502,167,34,3,,
503,167,62,4,,
504,168,34,2,,
505,168,34,3,,
506,168,62,4,,
507,169,28,2,,
508,169,28,3,,
509,169,62,4,,
510,170,28,2,,
511,170,28,3,,
512,170,62,4,,
513,171,34,2,,
514,171,34,3,,
515,171,62,4,,
516,172,28,2,,
517,172,28,3,,
518,172,62,4,,
519,172,28,5,,
520,173,34,2,,
521,173,34,3,,
522,173,62,4,,
523,174,28,2,,
524,174,34,3,,
525,174,62,4,,
526,174,63,5,,
527,175,34,2,,
528,175,34,3,,
529,175,62,4,,
530,176,64,2,,
531,176,64,3,,
532,176,62,4,,
533,176,28,5,,
534,177,34,2,,
535,177,34,3,,
536,177,62,4,,
537,177,34,5,,
538,178,28,2,,
539,178,28,3,,
540,178,62,4,,
541,179,28,2,,
542,179,28,3,,
543,179,62,4,,
544,179,28,5,,
545,180,34,2,,
546,180,34,3,,
547,180,62,4,,
548,181,28,2,,
549,181,28,3,,
550,181,62,4,,
551,181,28,5,,
552,182,34,2,,
553,182,34,3,,
554,182,62,4,,
555,183,28,2,,
556,183,28,3,,
557,183,62,4,,
558,183,29,5,,
559,184,34,2,,
560,184,34,3,,
561,184,62,4,,
562,184,65,5,,
563,185,28,2,,
564,185,28,3,,
565,185,62,4,,
566,186,34,2,,
567,186,34,3,,
568,186,62,4,,
569,187,28,2,,
570,187,28,3,,
571,187,62,4,,
572,187,28,5,,
573,188,28,2,,
574,188,28,3,,
575,188,62,4,,
576,189,28,2,,
577,189,28,3,,
578,189,62,4,,
579,190,28,2,,
580,190,28,3,,
581,190,62,4,,
582,190,28,5,,
583,191,28,2,,
584,191,28,3,,
585,191,62,4,,
586,192,34,2,,
587,192,34,3,,
588,192,62,4,,
589,193,34,2,,
590,193,34,3,,
591,193,62,4,,
592,194,28,2,,
593,194,28,3,,
594,194,62,4,,
595,194,28,5,,
596,195,28,2,,
597,195,28,3,,
598,195,62,4,,
599,196,34,2,,
600,196,34,3,,
601,196,62,4,,
602,197,28,2,,
603,197,28,3,,
604,197,62,4,,
605,198,34,2,,
606,198,34,3,,
607,198,62,4,,
608,198,66,6,,
609,199,28,2,,
610,199,28,3,,
611,199,62,4,,
612,200,34,2,,
613,200,34,3,,
614,200,62,4,,
615,201,34,2,,
616,201,34,3,,
617,201,62,4,,
618,202,28,2,,
619,202,28,3,,
620,202,62,4,,
621,202,28,5,,
622,203,34,2,,
623,203,34,3,,
624,203,62,4,,
625,204,34,2,,
626,204,34,3,,
627,204,62,4,,
628,204,67,6,,
629,205,28,2,,
630,205,28,3,,
631,205,62,4,,
632,206,28,2,,
633,206,28,3,,
634,206,62,4,,
635,207,28,2,,
636,207,28,3,,
637,207,62,4,,
638,208,34,2,,
639,208,34,3,,
640,208,62,4,,
641,208,66,6,,
642,209,28,2,,
643,209,28,3,,
644,209,62,4,,
645,209,28,5,,
646,210,34,2,,
647,210,34,3,,
648,210,62,4,,
649,211,28,2,,
650,211,28,3,,
651,211,62,4,,
652,212,34,2,,
653,212,34,3,,
654,212,62,4,,
655,213,28,2,,
656,213,28,3,,
657,213,62,4,,
658,214,34,2,,
659,214,34,3,,
660,214,62,4,,
661,215,28,2,,
662,215,28,3,,
663,215,62,4,,
664,216,34,2,,
665,216,34,3,,
666,216,62,4,,
667,217,34,2,,
668,217,34,3,,
669,217,62,4,,
670,218,28,2,,
671,218,28,3,,
672,218,62,4,,
673,219,28,2,,
674,219,28,3,,
675,219,62,4,,
676,220,28,2,,
677,220,28,3,,
678,220,62,4,,
679,221,28,2,,
680,221,28,3,,
681,221,62,4,,
682,222,34,2,,
683,222,34,3,,
684,222,62,4,,
685,223,28,2,,
686,223,28,3,,
687,223,62,4,,
688,224,28,2,,
689,224,68,3,,
690,224,62,4,,
691,225,28,2,,
692,225,28,3,,
693,225,62,4,,
694,226,34,2,,
695,226,34,3,,
696,226,62,4,,
697,227,34,2,,
698,227,34,3,,
699,227,62,4,,
700,228,28,2,,
701,228,28,3,,
702,228,62,4,,
703,229,28,2,,
704,229,28,3,,
705,229,62,4,,
706,230,28,2,,
707,230,28,3,,
708,230,62,4,,
709,231,34,2,,
710,231,34,3,,
711,231,62,4,,
712,232,34,2,,
713,232,34,3,,
714,232,62,4,,
715,233,28,2,,
716,233,28,3,,
717,233,62,4,,
718,234,28,2,,
719,234,28,3,,
720,234,62,4,,
721,235,68,2,,
722,235,68,3,,
723,235,62,4,,
724,236,34,2,,
725,236,34,3,,
726,236,62,4,,
727,237,28,2,,
728,237,68,3,,
729,237,62,4,,
730,238,34,2,,
731,238,34,3,,
732,238,62,4,,
733,239,28,2,,
734,239,28,3,,
735,239,62,4,,
736,240,28,2,,
737,240,28,3,,
738,240,62,4,,
739,241,34,2,,
740,241,34,3,,
741,241,62,4,,
742,242,28,2,,
743,242,28,3,,
744,242,62,4,,
745,243,28,3,,
746,243,62,4,,
747,244,28,2,,
748,244,28,3,,
749,244,62,4,,
750,245,34,2,,
751,245,34,3,,
752,245,62,4,,
753,246,28,2,,
754,246,28,3,,
755,246,62,4,,
756,247,28,2,,
757,247,28,3,,
758,247,62,4,,
759,248,69,2,,
760,248,34,3,,
761,248,62,4,,
762,249,28,2,,
763,249,28,3,,
764,249,62,4,,
765,250,34,2,,
766,250,34,3,,
767,250,62,4,,
768,251,70,2,,
769,251,34,3,,
770,251,62,4,,
771,252,71,2,,
772,252,68,3,,
773,252,62,4,,
774,253,28,2,,
775,253,28,3,,
776,253,62,4,,
777,254,28,2,,
778,254,28,3,,
779,254,62,4,,
780,255,28,2,,
781,255,28,3,,
782,255,62,4,,
783,256,28,2,,
784,256,28,3,,
785,256,62,4,,
786,257,28,2,,
787,257,28,3,,
788,257,62,4,,
789,258,28,2,,
790,258,28,3,,
791,258,62,4,,
792,259,72,2,,
793,259,34,3,,
794,259,62,4,,
795,260,28,2,,
796,260,28,3,,
797,260,62,4,,
798,261,28,2,,
799,261,28,3,,
800,261,62,4,,
801,262,28,2,,
802,262,28,3,,
803,262,62,4,,
804,263,71,2,,
805,263,68,3,,
806,263,62,4,,
807,264,28,2,,
808,264,28,3,,
809,264,62,4,,
810,265,28,2,,
811,265,28,3,,
812,265,62,4,,
813,266,28,2,,
814,266,28,3,,
815,266,62,4,,
816,267,34,2,,
817,267,34,3,,
818,267,62,4,,
819,268,70,2,,
820,268,34,3,,
821,268,62,4,,
822,269,34,2,,
823,269,34,3,,
824,269,62,4,,
825,270,28,2,,
826,270,28,3,,
827,270,62,4,,
828,271,28,3,,
829,271,62,4,,
830,272,28,2,,
831,272,28,3,,
832,272,62,4,,
833,273,73,2,,
834,273,34,3,,
835,273,62,4,,
836,274,28,2,,
837,274,28,3,,
838,274,62,4,,
839,275,74,2,,
840,275,34,3,,
841,275,62,4,,
842,276,75,2,,
843,276,68,3,,
844,276,62,4,,
845,277,28,2,,
846,277,28,3,,
847,277,62,4,,
848,278,28,2,,
849,278,28,3,,
850,278,62,4,,
851,279,28,2,,
852,279,28,3,,
853,279,62,4,,
854,280,28,2,,
855,280,28,3,,
856,280,62,4,,
857,281,64,2,,
858,281,64,3,,
859,281,62,4,,
860,282,28,2,,
861,282,28,3,,
862,282,62,4,,
863,282,28,5,,
864,283,73,2,,
865,283,34,3,,
866,283,62,4,,
867,284,28,2,,
868,284,28,3,,
869,284,62,4,,
870,285,74,2,,
871,285,34,3,,
872,285,62,4,,
873,286,28,2,,
874,286,28,3,,
875,286,62,4,,
876,287,34,2,,
877,287,34,3,,
878,287,62,4,,
879,288,34,2,,
880,288,34,3,,
881,288,62,4,,
882,289,28,2,,
883,289,68,3,,
884,289,62,4,,
885,290,34,2,,
886,290,34,3,,
887,290,62,4,,
888,291,28,2,,
889,291,28,3,,
890,291,62,4,,
891,292,76,2,,
892,292,68,3,,
893,292,62,4,,
894,293,28,2,,
895,293,28,3,,
896,293,62,4,,
897,294,28,2,,
898,294,28,3,,
899,294,62,4,,
900,295,62,4,,
901,296,34,3,,
902,296,62,4,,
903,297,28,2,,
904,297,28,3,,
905,297,62,4,,
906,298,28,2,,
907,298,28,3,,
908,298,62,4,,
909,299,70,2,,
910,299,34,3,,
911,299,62,4,,
912,300,28,3,,
913,300,62,4,,
914,301,28,2,,
915,301,28,3,,
916,301,62,4,,
917,302,34,2,,
918,302,34,3,,
919,302,62,4,,
920,303,28,2,,
921,303,28,3,,
922,303,62,4,,
923,304,28,2,,
924,304,28,3,,
925,304,62,4,,
926,305,28,3,,
927,305,62,4,,
928,306,28,2,,
929,306,28,3,,
930,306,62,4,,
931,307,77,2,,
932,307,68,3,,
933,307,62,4,,
934,308,28,2,,
935,308,28,3,,
936,308,62,4,,
937,309,28,2,,
938,309,28,3,,
939,309,62,4,,
940,310,28,2,,
941,310,68,3,,
942,310,62,4,,
943,311,28,2,,
944,311,28,3,,
945,311,62,4,,
946,312,28,2,,
947,312,28,3,,
948,312,62,4,,
949,313,28,2,,
950,313,68,3,,
951,313,62,4,,
952,314,71,2,,
953,314,68,3,,
954,314,62,4,,
955,315,28,2,,
956,315,28,3,,
957,315,62,4,,
958,316,28,2,,
959,316,28,3,,
960,316,62,4,,
961,317,28,2,,
962,317,28,3,,
963,317,62,4,,
964,318,28,2,,
965,318,68,3,,
966,318,62,4,,
967,319,28,2,,
968,319,28,3,,
969,320,78,2,,
970,320,79,2,,
971,320,80,2,,
972,320,80,3,,
973,321,28,2,,
974,321,28,3,,
975,321,62,4,,
976,322,81,2,,
977,322,68,3,,
978,322,62,4,,
979,323,82,2,,
980,323,28,3,,
981,323,62,4,,
982,324,81,2,,
983,324,68,3,,
984,324,62,4,,
985,325,83,2,,
986,325,84,3,,
987,325,85,4,,
988,326,83,2,,
989,326,84,3,,
990,326,85,4,,
991,327,83,2,,
992,327,86,3,,
993,327,85,4,,
994,328,83,2,,
995,328,84,3,,
996,328,85,4,,
997,329,83,2,,
998,329,84,3,,
999,329,85,4,,
1000,330,83,2,,
1001,330,84,3,,
1002,330,85,4,,
1003,331,83,2,,
1004,331,86,3,,
1005,331,85,4,,
1006,332,83,2,,
1007,332,84,3,,
1008,332,85,4,,
1009,333,82,2,,
1010,333,28,3,,
1011,333,62,4,,
1012,334,81,2,,
1013,334,68,3,,
1014,334,62,4,,
1015,335,83,2,,
1016,335,84,3,,
1017,335,87,4,,
1018,336,83,2,,
1019,336,84,3,,
1020,336,87,4,,
1021,337,88,2,,
1022,337,28,3,,
1023,337,62,4,,
1024,338,28,3,,
1025,338,62,4,,
1026,339,89,2,,
1027,339,28,3,,
1028,339,62,4,,
1029,340,28,2,,
1030,340,28,3,,
1031,340,62,4,,
1032,341,81,2,,
1033,341,68,3,,
1034,341,62,4,,
1035,342,28,2,,
1036,342,28,3,,
1037,342,62,4,,
1038,343,90,2,,
1039,343,91,3,,
1040,343,62,4,,
1041,344,83,2,,
1042,344,92,3,,
1043,344,92,4,,
1044,345,81,2,,
1045,345,68,3,,
1046,345,62,4,,
1047,346,93,2,,
1048,346,91,3,,
1049,346,62,4,,
1050,347,28,2,,
1051,347,94,3,,
1052,347,62,4,,
1053,348,28,2,,
1054,348,28,3,,
1055,348,62,4,,
1056,349,82,2,,
1057,349,28,3,,
1058,349,62,4,,
1059,350,90,2,,
1060,350,95,3,,
1061,350,62,4,,
1062,337,28,2,,
1063,351,28,2,,
1064,351,28,3,,
1065,351,62,4,,
1066,352,28,2,,
1067,352,28,3,,
1068,352,62,4,,
1069,353,28,2,,
1070,353,68,3,,
1071,353,62,4,,
1072,354,28,2,,
1073,354,28,3,,
1074,354,62,4,,
1075,355,28,2,,
1076,355,28,3,,
1077,355,62,4,,
1078,356,89,2,,
1079,356,28,3,,
1080,356,62,4,,
1081,357,81,2,,
1082,357,68,3,,
1083,357,62,4,,
1084,358,28,2,,
1085,358,28,3,,
1086,358,62,4,,
1087,359,81,2,,
1088,359,68,3,,
1089,359,62,4,,
1090,360,28,2,,
1091,360,28,3,,
1092,360,62,4,,
1093,361,28,2,,
1094,361,28,3,,
1095,361,62,4,,
1096,362,28,3,,
1097,362,62,4,,
1098,363,28,2,,
1099,363,28,3,,
1100,363,62,4,,
1101,364,28,2,,
1102,364,28,3,,
1103,364,62,4,,
1104,365,96,2,,
1105,365,95,3,,
1106,365,62,4,,
1107,366,90,2,,
1108,366,68,3,,
1109,366,62,4,,
1110,367,28,2,,
1111,367,28,3,,
1112,367,62,4,,
1113,368,28,2,,
1114,368,28,3,,
1115,368,62,4,,
1116,369,28,2,,
1117,369,28,3,,
1118,369,62,4,,
1119,370,97,2,,
1120,370,98,3,,
1121,370,62,4,,
1122,371,28,2,,
1123,371,28,3,,
1124,371,62,4,,
1125,372,90,2,,
1126,372,68,3,,
1127,372,62,4,,
1128,373,28,2,,
1129,373,28,3,,
1130,373,62,4,,
1131,374,28,2,,
1132,374,28,3,,
1133,374,62,4,,
1134,375,90,2,,
1135,375,68,3,,
1136,375,62,4,,
1137,376,28,2,,
1138,376,28,3,,
1139,376,62,4,,
1140,377,97,2,,
1141,377,98,3,,
1142,377,62,4,,
1143,378,2,2,,
1144,378,100,3,,
1145,378,101,4,,
1146,378,99,1,,
1147,379,102,2,,
1148,379,100,3,,
1149,379,101,4,,
1150,379,99,1,,
1151,380,2,2,,
1152,380,100,3,,
1153,380,103,4,,
1154,380,99,1,,
1155,381,2,2,,
1156,381,100,3,,
1157,381,65,4,,
1158,381,99,1,,
1159,382,2,2,,
1160,382,100,3,,
1161,382,103,4,,
1162,382,99,1,,
1163,383,2,2,,
1164,383,100,3,,
1165,383,104,4,,
1166,383,99,1,,
1167,384,105,2,,
1168,384,106,3,,
1169,384,103,4,,
1170,384,99,1,,
1171,385,2,2,,
1172,385,107,3,,
1173,385,108,4,,
1174,385,99,1,,
1175,386,100,2,,
1176,386,100,3,,
1177,386,104,4,,
1178,386,99,1,,
1179,387,2,2,,
1180,387,100,3,,
1181,387,103,4,,
1182,387,99,1,,
1183,388,100,2,,
1184,388,100,3,,
1185,388,103,4,,
1186,388,99,1,,
1187,389,102,2,,
1188,389,100,3,,
1189,389,108,4,,
1190,389,99,1,,
1191,390,109,2,,
1192,390,110,3,,
1193,390,65,4,,
1194,390,99,1,,
1195,391,2,2,,
1196,391,100,3,,
1197,391,65,4,,
1198,391,99,1,,
1199,392,111,2,,
1200,392,100,3,,
1201,392,65,4,,
1202,392,99,1,,
1203,393,2,2,,
1204,393,100,3,,
1205,393,103,4,,
1206,393,99,1,,
1207,394,100,2,,
1208,394,100,3,,
1209,394,99,4,,
1210,394,99,1,,
1211,395,2,2,,
1212,395,100,3,,
1213,395,99,4,,
1214,395,99,1,,
1215,396,112,2,,
1216,396,112,3,,
1217,396,99,4,,
1218,396,99,1,,
1219,397,113,2,,
1220,397,110,3,,
1221,397,99,4,,
1222,397,99,1,,
1223,398,102,2,,
1224,398,100,3,,
1225,398,99,4,,
1226,398,99,1,,
1227,399,2,2,,
1228,399,100,3,,
1229,399,99,4,,
1230,399,99,1,,
1231,400,112,2,,
1232,400,100,3,,
1233,400,99,4,,
1234,400,99,1,,
1235,401,2,2,,
1236,401,100,3,,
1237,401,99,4,,
1238,401,99,1,,
1239,402,2,2,,
1240,402,100,3,,
1241,402,99,4,,
1242,402,99,1,,
1243,403,112,2,,
1244,403,100,3,,
1245,403,99,4,,
1246,403,99,1,,
1247,404,2,2,,
1248,404,100,3,,
1249,404,99,4,,
1250,404,99,1,,
1251,405,100,2,,
1252,405,100,3,,
1253,405,114,4,,
1254,405,99,1,,
1255,406,2,2,,
1256,406,100,3,,
1257,406,114,4,,
1258,406,99,1,,
1259,407,112,2,,
1260,407,100,3,,
1261,407,115,4,,
1262,407,99,1,,
1263,408,112,2,,
1264,408,100,3,,
1265,408,115,4,,
1266,408,99,1,,
1267,409,112,2,,
1268,409,112,3,,
1269,409,114,4,,
1270,409,99,1,,
1271,410,2,2,,
1272,410,100,3,,
1273,410,104,4,,
1274,410,99,1,,
1275,411,102,2,,
1276,411,100,3,,
1277,411,115,4,,
1278,411,99,1,,
1279,412,2,2,,
1280,412,100,3,,
1281,412,104,4,,
1282,412,99,1,,
1283,413,100,2,,
1284,413,100,3,,
1285,413,114,4,,
1286,413,99,1,,
1287,414,100,2,,
1288,414,100,3,,
1289,414,114,4,,
1290,414,99,1,,
1291,415,112,2,,
1292,415,112,3,,
1293,415,114,4,,
1294,415,99,1,,
1295,416,112,2,,
1296,416,100,3,,
1297,416,114,4,,
1298,416,99,1,,
1299,417,2,2,,
1300,417,2,3,,
1301,417,116,4,,
1302,417,99,1,,
1303,418,112,2,,
1304,418,112,3,,
1305,418,115,4,,
1306,418,99,1,,
1307,419,2,2,,
1308,419,100,3,,
1309,419,114,4,,
1310,419,99,1,,
1311,420,112,2,,
1312,420,112,3,,
1313,420,116,4,,
1314,420,99,1,,
1315,421,117,2,,
1316,421,100,3,,
1317,421,114,4,,
1318,421,99,1,,
1319,422,117,2,,
1320,422,100,3,,
1321,422,115,4,,
1322,422,99,1,,
1323,423,100,2,,
1324,423,100,3,,
1325,423,104,4,,
1326,423,99,1,,
1327,424,2,2,,
1328,424,2,3,,
1329,424,116,4,,
1330,424,99,1,,
1331,425,117,2,,
1332,425,100,3,,
1333,425,115,4,,
1334,425,99,1,,
1335,426,2,2,,
1336,426,112,3,,
1337,426,115,4,,
1338,426,99,1,,
1339,427,112,2,,
1340,427,112,3,,
1341,427,116,4,,
1342,427,99,1,,
1343,428,100,2,,
1344,428,100,3,,
1345,428,116,4,,
1346,428,99,1,,
1347,429,112,2,,
1348,429,112,3,,
1349,429,116,4,,
1350,429,99,1,,
1351,430,2,2,,
1352,430,2,3,,
1353,430,114,4,,
1354,430,99,1,,
1355,431,100,2,,
1356,431,100,3,,
1357,431,116,4,,
1358,431,99,1,,
1359,432,112,2,,
1360,432,112,3,,
1361,432,116,4,,
1362,432,99,1,,
1363,433,112,2,,
1364,433,100,3,,
1365,433,114,4,,
1366,433,99,1,,
1367,434,2,2,,
1368,434,2,3,,
1369,434,116,4,,
1370,434,99,1,,
1371,435,117,2,,
1372,435,100,3,,
1373,435,99,4,,
1374,435,99,1,,
1375,436,118,2,,
1376,436,119,3,,
1377,436,99,1,,
1378,437,100,2,,
1379,437,100,3,,
1380,437,99,4,,
1381,437,99,1,,
1382,438,2,2,,
1383,438,2,3,,
1384,438,99,4,,
1385,438,99,1,,
1386,439,112,2,,
1387,439,112,3,,
1388,439,99,4,,
1389,439,99,1,,
1390,440,2,2,,
1391,440,100,3,,
1392,440,99,4,,
1393,440,99,1,,
1394,441,117,2,,
1395,441,100,3,,
1396,441,99,4,,
1397,441,99,1,,
1398,442,102,2,,
1399,442,100,3,,
1400,442,120,4,,
1401,442,99,1,,
1402,443,112,2,,
1403,443,112,3,,
1404,443,116,4,,
1405,443,99,1,,
1406,444,100,2,,
1407,444,100,3,,
1408,444,103,4,,
1409,444,99,1,,
1410,445,2,2,,
1411,445,2,3,,
1412,445,114,4,,
1413,445,99,1,,
1414,446,102,2,,
1415,446,100,3,,
1416,446,114,4,,
1417,446,99,1,,
1418,447,112,2,,
1419,447,112,3,,
1420,447,115,4,,
1421,447,99,1,,
1422,448,2,2,,
1423,448,100,3,,
1424,448,97,4,,
1425,448,99,1,,
1426,449,112,2,,
1427,449,100,3,,
1428,449,115,4,,
1429,449,99,1,,
1430,450,100,2,,
1431,450,100,3,,
1432,450,104,4,,
1433,450,99,1,,
1434,451,112,2,,
1435,451,112,3,,
1436,451,120,4,,
1437,451,99,1,,
1438,452,100,2,,
1439,452,100,3,,
1440,452,116,4,,
1441,452,99,1,,
1442,453,112,2,,
1443,453,100,3,,
1444,453,115,4,,
1445,453,99,1,,
1446,454,112,2,,
1447,454,112,3,,
1448,454,114,4,,
1449,454,99,1,,
1450,455,102,2,,
1451,455,100,3,,
1452,455,115,4,,
1453,455,99,1,,
1454,456,2,2,,
1455,456,100,3,,
1456,456,104,4,,
1457,456,99,1,,
1458,457,2,2,,
1459,457,100,3,,
1460,457,114,4,,
1461,457,99,1,,
1462,458,112,2,,
1463,458,112,3,,
1464,458,116,4,,
1465,458,99,1,,
1466,459,2,2,,
1467,459,100,3,,
1468,459,120,4,,
1469,459,99,1,,
1470,460,100,2,,
1471,460,100,3,,
1472,460,114,4,,
1473,460,99,1,,
1474,461,2,2,,
1475,461,2,3,,
1476,461,116,4,,
1477,461,99,1,,
1478,462,2,2,,
1479,462,100,3,,
1480,462,114,4,,
1481,462,99,1,,
1482,463,2,2,,
1483,463,100,3,,
1484,463,114,4,,
1485,463,99,1,,
1486,464,2,2,,
1487,464,2,3,,
1488,464,116,4,,
1489,464,99,1,,
1490,465,112,2,,
1491,465,112,3,,
1492,465,114,4,,
1493,465,99,1,,
1494,466,102,2,,
1495,466,100,3,,
1496,466,116,4,,
1497,466,99,1,,
1498,467,2,2,,
1499,467,100,3,,
1500,467,104,4,,
1501,467,99,1,,
1502,468,2,2,,
1503,468,100,3,,
1504,468,120,4,,
1505,468,99,1,,
1506,469,2,2,,
1507,469,2,3,,
1508,469,121,4,,
1509,469,99,1,,
1510,470,112,2,,
1511,470,112,3,,
1512,470,120,4,,
1513,470,99,1,,
1514,471,2,2,,
1515,471,100,3,,
1516,471,114,4,,
1517,471,99,1,,
1518,472,102,2,,
1519,472,100,3,,
1520,472,122,4,,
1521,472,99,1,,
1522,473,112,2,,
1523,473,100,3,,
1524,473,122,4,,
1525,473,99,1,,
1526,474,2,2,,
1527,474,2,3,,
1528,474,122,4,,
1529,474,99,1,,
1530,475,2,2,,
1531,475,100,3,,
1532,475,123,4,,
1533,475,99,1,,
1534,476,102,2,,
1535,476,100,3,,
1536,476,122,4,,
1537,476,99,1,,
1538,477,2,2,,
1539,477,112,3,,
1540,477,114,4,,
1541,477,99,1,,
1542,478,2,2,,
1543,478,2,3,,
1544,478,116,4,,
1545,478,99,1,,
1546,479,100,2,,
1547,479,100,3,,
1548,479,121,4,,
1549,479,99,1,,
1550,480,2,2,,
1551,480,104,3,,
1552,480,99,1,,
1553,481,2,2,,
1554,481,104,3,,
1555,481,99,1,,
1556,482,124,2,,
1557,482,124,3,,
1558,482,99,1,,
1559,483,125,2,,
1560,483,104,3,,
1561,483,99,1,,
1562,484,2,2,,
1563,484,2,3,,
1564,484,99,1,,
1565,485,2,2,,
1566,485,104,3,,
1567,485,99,1,,
1568,486,104,2,,
1569,486,104,3,,
1570,486,99,1,,
1571,487,124,2,,
1572,487,124,3,,
1573,487,99,1,,
1574,488,2,2,,
1575,488,2,3,,
1576,488,99,1,,
1577,489,2,2,,
1578,489,2,3,,
1579,489,99,1,,
1580,490,2,2,,
1581,490,104,3,,
1582,490,99,1,,
1583,491,124,2,,
1584,491,124,3,,
1585,491,99,1,,
1586,492,104,2,,
1587,492,104,3,,
1588,492,99,1,,
1589,493,2,2,,
1590,493,2,3,,
1591,493,99,1,,
1592,494,125,2,,
1593,494,104,3,,
1594,494,99,1,,
1595,495,125,2,,
1596,495,2,3,,
1597,495,99,1,,
1598,496,125,2,,
1599,496,104,3,,
1600,496,99,1,,
1601,497,125,2,,
1602,497,104,3,,
1603,497,99,1,,
1604,498,2,2,,
1605,498,104,3,,
1606,498,99,1,,
1607,499,124,2,,
1608,499,124,3,,
1609,499,99,1,,
1610,500,126,2,,
1611,500,126,3,,
1612,500,99,4,,
1613,500,114,5,,
1614,500,99,1,,
1615,501,127,2,,
1616,501,127,3,,
1617,501,114,4,,
1618,501,99,1,,
1619,502,126,2,,
1620,502,126,3,,
1621,502,99,4,,
1622,502,99,1,,
1623,503,124,2,,
1624,503,124,3,,
1625,503,99,4,,
1626,503,99,1,,
1627,504,124,2,,
1628,504,124,3,,
1629,504,99,4,,
1630,504,99,1,,
1631,505,125,2,,
1632,505,104,3,,
1633,505,99,4,,
1634,505,99,1,,
1635,506,104,2,,
1636,506,104,3,,
1637,506,99,4,,
1638,506,99,1,,
1639,507,2,2,,
1640,507,2,3,,
1641,507,99,4,,
1642,507,99,1,,
1643,508,2,2,,
1644,508,124,3,,
1645,508,99,4,,
1646,508,99,1,,
1647,509,2,2,,
1648,509,104,3,,
1649,509,99,4,,
1650,509,99,1,,
1651,510,2,2,,
1652,510,2,3,,
1653,510,99,4,,
1654,510,99,1,,
1655,511,124,2,,
1656,511,104,3,,
1657,511,99,4,,
1658,511,99,1,,
1659,512,124,2,,
1660,512,124,3,,
1661,512,99,4,,
1662,512,99,1,,
1663,513,124,2,,
1664,513,104,3,,
1665,513,99,4,,
1666,513,99,1,,
1667,514,2,2,,
1668,514,2,3,,
1669,514,99,4,,
1670,514,99,1,,
1671,515,124,2,,
1672,515,124,3,,
1673,515,99,4,,
1674,515,99,1,,
1675,516,104,2,,
1676,516,104,3,,
1677,516,99,4,,
1678,516,99,1,,
1679,517,125,2,,
1680,517,104,3,,
1681,517,99,4,,
1682,517,99,1,,
1683,518,125,2,,
1684,518,104,3,,
1685,518,99,4,,
1686,518,99,1,,
1687,519,2,2,,
1688,519,2,3,,
1689,519,99,4,,
1690,519,99,1,,
1691,520,2,2,,
1692,520,104,3,,
1693,520,99,4,,
1694,520,99,1,,
1695,521,125,2,,
1696,521,104,3,,
1697,521,115,4,,
1698,522,2,2,,
1699,522,104,3,,
1700,522,104,4,,
1701,523,2,2,,
1702,523,2,3,,
1703,523,99,4,,
1704,524,2,2,,
1705,524,124,3,,
1706,524,114,4,,
1707,525,124,2,,
1708,525,104,3,,
1709,525,115,4,,
1710,526,2,2,,
1711,526,104,3,,
1712,526,103,4,,
1713,527,2,2,,
1714,527,104,3,,
1715,527,114,4,,
1716,528,104,2,,
1717,528,104,3,,
1718,528,116,4,,
1719,529,104,2,,
1720,529,104,3,,
1721,529,114,4,,
1722,530,124,2,,
1723,530,124,3,,
1724,530,116,4,,
1725,531,2,2,,
1726,531,104,3,,
1727,531,104,4,,
1728,532,2,2,,
1729,532,104,3,,
1730,532,120,4,,
1731,533,104,2,,
1732,533,104,3,,
1733,533,114,4,,
1734,534,2,2,,
1735,534,124,3,,
1736,534,116,4,,
1737,535,2,2,,
1738,535,104,3,,
1739,535,104,4,,
1740,536,124,2,,
1741,536,124,3,,
1742,536,114,4,,
1743,537,2,2,,
1744,537,2,3,,
1745,537,116,4,,
1746,538,124,2,,
1747,538,124,3,,
1748,538,114,4,,
1749,539,2,2,,
1750,539,104,3,,
1751,539,114,4,,
1752,540,2,2,,
1753,540,104,3,,
1754,540,114,4,,
1755,541,2,2,,
1756,541,2,3,,
1757,541,116,4,,
1758,542,125,2,,
1759,542,104,3,,
1760,542,116,4,,
1761,543,124,2,,
1762,543,124,3,,
1763,543,120,4,,
1764,544,104,2,,
1765,544,104,3,,
1766,544,104,4,,
1767,545,104,2,,
1768,545,104,3,,
1769,545,99,4,,
1770,546,124,2,,
1771,546,124,3,,
1772,546,120,4,,
1773,547,2,2,,
1774,547,104,3,,
1775,547,123,4,,
1776,548,125,2,,
1777,548,104,3,,
1778,548,120,4,,
1779,549,2,2,,
1780,549,2,3,,
1781,549,122,4,,
1782,550,124,2,,
1783,550,124,3,,
1784,550,115,4,,
1785,551,125,2,,
1786,551,104,3,,
1787,551,115,4,,
1788,552,125,2,,
1789,552,104,3,,
1790,552,114,4,,
1791,553,2,2,,
1792,553,104,3,,
1793,553,128,4,,
1794,554,124,2,,
1795,554,104,3,,
1796,554,122,4,,
1797,555,125,2,,
1798,555,2,3,,
1799,555,114,4,,
1800,556,124,2,,
1801,556,124,3,,
1802,556,116,4,,
1803,557,104,2,,
1804,557,104,3,,
1805,557,103,4,,
1806,558,2,2,,
1807,558,2,3,,
1808,558,116,4,,
1809,559,125,2,,
1810,559,104,3,,
1811,559,128,4,,
1812,560,104,2,,
1813,560,104,3,,
1814,560,121,4,,
1815,561,2,2,,
1816,561,100,3,,
1817,561,101,4,,
1818,561,99,1,,
1819,562,102,2,,
1820,562,100,3,,
1821,562,101,4,,
1822,562,99,1,,
1823,563,2,2,,
1824,563,100,3,,
1825,563,103,4,,
1826,563,99,1,,
1827,564,2,2,,
1828,564,100,3,,
1829,564,65,4,,
1830,564,99,1,,
1831,565,2,2,,
1832,565,107,3,,
1833,565,108,4,,
1834,565,99,1,,
1835,566,100,2,,
1836,566,100,3,,
1837,566,103,4,,
1838,566,99,1,,
1839,567,112,2,,
1840,567,112,3,,
1841,567,114,4,,
1842,567,99,1,,
1843,568,2,2,,
1844,568,100,3,,
1845,568,114,4,,
1846,568,99,1,,
1847,569,102,2,,
1848,569,100,3,,
1849,569,115,4,,
1850,569,99,1,,
1851,570,129,2,,
1852,570,130,3,,
1853,570,130,4,,
1854,570,99,1,,
1855,571,117,2,,
1856,571,100,3,,
1857,571,114,4,,
1858,571,99,1,,
1859,572,2,2,,
1860,572,112,3,,
1861,572,115,4,,
1862,572,99,1,,
1863,573,117,2,,
1864,573,100,3,,
1865,573,116,4,,
1866,573,99,1,,
1867,574,2,2,,
1868,574,112,3,,
1869,574,116,4,,
1870,574,99,1,,
1871,575,132,3,,
1872,576,133,3,,
1873,577,132,3,,
1874,578,132,3,,
1875,579,132,3,,
1876,580,134,3,,
1877,581,133,3,,
1878,582,132,3,,
1879,583,133,3,,
1880,584,135,3,,
1881,585,132,3,,
1882,586,135,3,,
1883,587,132,3,,
1884,588,133,3,,
1885,589,132,3,,
1886,590,132,3,,
1887,591,135,3,,
1888,592,132,3,,
1889,593,132,2,,
1890,593,132,3,,
1891,594,133,3,,
1892,595,132,3,,
1893,596,27,2,,
1894,596,137,3,,
1895,596,138,4,,
1896,597,27,2,,
1897,597,139,3,,
1898,597,138,4,,
1899,598,140,2,,
1900,598,141,3,,
1901,598,65,4,,
1902,599,28,2,,
1903,599,28,3,,
1904,599,65,4,,
1905,600,143,2,,
1906,600,143,3,,
1907,600,142,4,,
1908,601,143,2,,
1909,601,143,3,,
1910,601,144,4,,
1911,602,143,2,,
1912,602,143,3,,
1913,602,145,4,,
1914,603,143,2,,
1915,603,143,3,,
1916,603,142,4,,
1917,603,65,5,,
1918,604,143,2,,
1919,604,143,3,,
1920,604,142,4,,
1921,604,65,5,,
1922,605,143,2,,
1923,605,143,3,,
1924,605,146,4,,
1925,605,65,5,,
1926,606,143,2,,
1927,606,143,3,,
1928,606,142,4,,
1929,607,143,2,,
1930,607,143,3,,
1931,607,142,4,,
1932,607,65,5,,
1933,608,143,2,,
1934,608,143,3,,
1935,608,65,4,,
1936,609,143,2,,
1937,609,143,3,,
1938,609,142,4,,
1939,610,143,2,,
1940,610,143,3,,
1941,610,142,4,,
1942,611,147,2,,
1943,611,148,3,,
1944,611,142,4,,
1945,612,143,2,,
1946,612,143,3,,
1947,612,142,4,,
1948,613,143,2,,
1949,613,149,3,,
1950,613,142,4,,
1951,614,143,2,,
1952,614,143,3,,
1953,614,142,4,,
1954,615,143,2,,
1955,615,143,3,,
1956,615,142,4,,
1957,615,150,5,,
1958,616,151,2,,
1959,616,143,3,,
1960,616,142,4,,
1961,617,147,2,,
1962,617,148,3,,
1963,617,142,4,,
1964,618,143,2,,
1965,618,143,3,,
1966,618,142,4,,
1967,618,116,5,,
1968,619,143,2,,
1969,619,143,3,,
1970,619,142,4,,
1971,620,143,2,,
1972,620,143,3,,
1973,620,142,4,,
1974,621,143,2,,
1975,621,143,3,,
1976,621,142,4,,
1977,622,143,2,,
1978,622,143,3,,
1979,622,142,4,,
1980,623,143,2,,
1981,623,143,3,,
1982,623,142,4,,
1983,624,143,2,,
1984,624,143,3,,
1985,624,142,4,,
1986,625,143,2,,
1987,625,143,3,,
1988,625,142,4,,
1989,626,143,2,,
1990,626,143,3,,
1991,626,142,4,,
1992,627,143,2,,
1993,627,143,3,,
1994,627,142,4,,
1995,628,143,2,,
1996,628,143,3,,
1997,628,142,4,,
1998,629,143,2,,
1999,629,143,3,,
2000,629,142,4,,
2001,630,143,2,,
2002,630,143,3,,
2003,630,142,4,,
2004,631,143,2,,
2005,631,143,3,,
2006,631,142,4,,
2007,632,143,2,,
2008,632,143,3,,
2009,632,142,4,,
2010,633,153,2,,
2011,633,153,3,,
2012,633,152,1,,
2013,634,2,2,,
2014,634,2,3,,
2015,634,152,1,,
2016,635,37,2,,
2017,635,38,3,,
2018,635,152,1,,
2019,636,27,2,,
2020,636,130,3,,
2021,636,152,1,,
2022,637,154,2,,
2023,637,155,3,,
2024,637,152,1,,
2025,638,27,2,,
2026,638,156,3,,
2027,638,152,1,,
2028,639,2,2,,
2029,639,2,3,,
2030,639,152,1,,
2031,640,157,2,,
2032,640,157,3,,
2033,640,152,1,,
2034,641,158,2,,
2035,641,159,3,,
2036,641,152,1,,
2037,642,37,2,,
2038,642,38,3,,
2039,642,152,1,,
2040,643,2,2,,
2041,643,2,3,,
2042,643,152,1,,
2043,644,152,2,,
2044,644,152,3,,
2045,644,152,1,,
2046,645,27,2,,
2047,645,130,3,,
2048,645,152,1,,
2049,646,154,2,,
2050,646,155,3,,
2051,646,152,1,,
2052,647,160,2,,
2053,647,160,3,,
2054,647,152,1,,
2055,648,161,2,,
2056,648,162,3,,
2057,648,163,4,,
2058,648,164,5,,
2059,649,161,2,,
2060,649,165,3,,
2061,649,165,4,,
2062,650,161,2,,
2063,650,165,3,,
2064,650,165,4,,
2065,651,161,2,,
2066,651,161,3,,
2067,651,166,4,,
2068,652,161,2,,
2069,652,167,3,,
2070,652,163,4,,
2071,652,164,5,,
2072,653,161,2,,
2073,653,168,3,,
2074,653,163,4,,
2075,654,161,2,,
2076,654,167,3,,
2077,654,163,4,,
2078,655,161,2,,
2079,655,165,3,,
2080,655,165,4,,
2081,656,161,2,,
2082,656,169,3,,
2083,656,170,4,,
2084,657,161,2,,
2085,657,169,3,,
2086,657,170,4,,
2087,657,164,5,,
2088,658,2,2,,
2089,658,2,3,,
2090,658,116,4,,
2091,658,2,1,,
2092,659,2,2,,
2093,659,2,3,,
2094,659,116,4,,
2095,659,2,1,,
2096,660,2,2,,
2097,660,2,3,,
2098,660,116,4,,
2099,660,2,1,,
2100,661,2,2,,
2101,661,2,3,,
2102,661,116,4,,
2103,661,2,1,,
2104,662,2,2,,
2105,662,2,3,,
2106,662,116,4,,
2107,662,2,1,,
2108,663,2,2,,
2109,663,2,3,,
2110,663,116,4,,
2111,663,2,1,,
2112,664,2,2,,
2113,664,2,3,,
2114,664,116,4,,
2115,664,2,1,,
2116,665,2,2,,
2117,665,2,3,,
2118,665,116,4,,
2119,665,2,1,,
2120,666,2,2,,
2121,666,2,3,,
2122,666,116,4,,
2123,666,2,1,,
2124,667,2,2,,
2125,667,2,3,,
2126,667,116,4,,
2127,667,2,1,,
2128,668,2,2,,
2129,668,2,3,,
2130,668,116,4,,
2131,668,2,1,,
2132,669,2,2,,
2133,669,2,3,,
2134,669,116,4,,
2135,669,2,1,,
2136,670,2,2,,
2137,670,2,3,,
2138,670,171,4,,
2139,670,172,5,,
2140,670,2,1,,
2141,671,2,2,,
2142,671,2,3,,
2143,671,2,1,,
2144,672,2,2,,
2145,672,2,3,,
2146,672,171,4,,
2147,672,172,5,,
2148,672,2,1,,
2149,673,2,2,,
2150,673,2,3,,
2151,673,171,4,,
2152,673,172,5,,
2153,673,2,1,,
2154,674,2,2,,
2155,674,2,3,,
2156,674,171,4,,
2157,674,172,5,,
2158,674,2,1,,
2159,675,2,2,,
2160,675,2,3,,
2161,675,171,4,,
2162,675,172,5,,
2163,675,2,1,,
2164,676,2,2,,
2165,676,2,3,,
2166,676,171,4,,
2167,676,172,5,,
2168,676,2,1,,
2169,677,2,2,,
2170,677,2,3,,
2171,677,171,4,,
2172,677,172,5,,
2173,677,2,1,,
2174,678,2,2,,
2175,678,2,3,,
2176,678,171,4,,
2177,678,172,5,,
2178,678,2,1,,
2179,679,2,2,,
2180,679,2,3,,
2181,679,171,4,,
2182,679,172,5,,
2183,679,2,1,,
2184,680,2,2,,
2185,680,2,3,,
2186,680,171,4,,
2187,680,172,5,,
2188,680,2,1,,
2189,681,2,2,,
2190,681,2,3,,
2191,681,171,4,,
2192,681,172,5,,
2193,681,2,1,,
2194,682,2,2,,
2195,682,2,3,,
2196,682,173,4,,
2197,682,2,1,,
2198,683,2,2,,
2199,683,2,3,,
2200,683,173,4,,
2201,683,2,1,,
2202,684,2,2,,
2203,684,2,3,,
2204,684,173,4,,
2205,684,2,1,,
2206,685,2,2,,
2207,685,2,3,,
2208,685,173,4,,
2209,685,2,1,,
2210,686,2,2,,
2211,686,2,3,,
2212,686,173,4,,
2213,686,2,1,,
2214,687,2,2,,
2215,687,2,3,,
2216,687,173,4,,
2217,687,2,1,,
2218,688,2,2,,
2219,688,2,3,,
2220,688,173,4,,
2221,688,2,1,,
2222,689,2,2,,
2223,689,2,3,,
2224,689,173,4,,
2225,689,174,1,,
2226,690,2,2,,
2227,690,2,3,,
2228,690,173,4,,
2229,690,2,1,,
2230,691,2,2,,
2231,691,2,3,,
2232,691,173,4,,
2233,691,2,1,,
2234,692,2,2,,
2235,692,2,3,,
2236,692,173,4,,
2237,692,2,1,,
2238,693,2,2,,
2239,693,2,3,,
2240,693,2,1,,
2241,694,2,2,,
2242,694,2,3,,
2243,694,2,1,,
2244,695,2,2,,
2245,695,2,3,,
2246,695,175,4,,
2247,695,2,1,,
2248,696,2,2,,
2249,696,2,3,,
2250,696,175,4,,
2251,696,2,1,,
2252,697,2,2,,
2253,697,2,3,,
2254,697,175,4,,
2255,697,2,1,,
2256,698,2,2,,
2257,698,2,3,,
2258,698,175,4,,
2259,698,2,1,,
2260,699,2,2,,
2261,699,2,3,,
2262,699,175,4,,
2263,699,2,1,,
2264,700,2,2,,
2265,700,2,3,,
2266,700,175,4,,
2267,700,2,1,,
2268,701,2,2,,
2269,701,2,3,,
2270,701,121,4,,
2271,701,2,1,,
2272,702,2,2,,
2273,702,2,3,,
2274,702,121,4,,
2275,702,2,1,,
2276,703,2,2,,
2277,703,2,3,,
2278,703,121,4,,
2279,703,2,1,,
2280,704,2,2,,
2281,704,2,3,,
2282,704,121,4,,
2283,704,2,1,,
2284,705,2,2,,
2285,705,2,3,,
2286,705,121,4,,
2287,705,2,1,,
2288,706,2,2,,
2289,706,2,3,,
2290,706,121,4,,
2291,706,2,1,,
2292,707,2,2,,
2293,707,2,3,,
2294,707,121,4,,
2295,707,2,1,,
2296,708,2,2,,
2297,708,2,3,,
2298,708,121,4,,
2299,708,2,1,,
2300,709,2,2,,
2301,709,2,3,,
2302,709,121,4,,
2303,709,2,1,,
2304,710,2,2,,
2305,710,2,3,,
2306,710,121,4,,
2307,710,2,1,,
2308,711,2,2,,
2309,711,2,3,,
2310,711,2,1,,
2311,712,2,2,,
2312,712,2,3,,
2313,712,2,1,,
2314,713,176,2,,
2315,713,2,3,,
2316,713,121,4,,
2317,713,2,1,,
2318,714,176,2,,
2319,714,2,3,,
2320,714,121,4,,
2321,714,2,1,,
2322,715,2,2,,
2323,715,2,3,,
2324,715,177,4,,
2325,715,2,1,,
2326,716,2,2,,
2327,716,2,3,,
2328,716,175,4,,
2329,716,2,1,,
2330,717,176,2,,
2331,717,2,3,,
2332,717,177,4,,
2333,717,2,1,,
2334,718,176,2,,
2335,718,2,3,,
2336,718,175,4,,
2337,718,2,1,,
2338,719,176,2,,
2339,719,2,3,,
2340,719,121,4,,
2341,719,2,1,,
2342,720,176,2,,
2343,720,2,3,,
2344,720,121,4,,
2345,720,2,1,,
2346,721,176,2,,
2347,721,2,3,,
2348,721,175,4,,
2349,721,2,1,,
2350,722,2,2,,
2351,722,2,3,,
2352,722,2,1,,
2353,723,2,2,,
2354,723,2,3,,
2355,723,2,1,,
2356,724,2,2,,
2357,724,2,3,,
2358,724,178,4,,
2359,724,2,1,,
2360,725,2,2,,
2361,725,2,3,,
2362,725,178,4,,
2363,725,2,1,,
2364,726,2,2,,
2365,726,2,3,,
2366,726,178,4,,
2367,726,2,1,,
2368,727,2,2,,
2369,727,2,3,,
2370,727,178,4,,
2371,727,2,1,,
2372,728,2,2,,
2373,728,2,3,,
2374,728,178,4,,
2375,728,2,1,,
2376,729,2,2,,
2377,729,2,3,,
2378,729,178,4,,
2379,729,2,1,,
2380,730,2,2,,
2381,730,2,3,,
2382,730,178,4,,
2383,730,2,1,,
2384,731,2,2,,
2385,731,2,3,,
2386,731,178,4,,
2387,731,2,1,,
2388,732,2,2,,
2389,732,2,3,,
2390,732,2,4,,
2391,732,2,1,,
2392,733,2,2,,
2393,733,2,3,,
2394,733,2,1,,
2395,734,2,2,,
2396,734,2,3,,
2397,734,2,1,,
2398,735,2,2,,
2399,735,2,3,,
2400,735,116,4,,
2401,735,2,1,,
2402,736,2,2,,
2403,736,2,3,,
2404,736,2,4,,
2405,736,121,4,,
2406,736,2,1,,
2407,737,2,2,,
2408,737,2,3,,
2409,737,116,4,,
2410,737,2,1,,
2411,738,2,2,,
2412,738,2,3,,
2413,738,2,4,,
2414,738,116,4,,
2415,738,2,1,,
2416,739,2,2,,
2417,739,2,3,,
2418,739,116,4,,
2419,739,2,1,,
2420,740,2,2,,
2421,740,2,3,,
2422,740,2,4,,
2423,740,116,4,,
2424,740,2,1,,
2425,741,2,2,,
2426,741,2,3,,
2427,741,2,4,,
2428,741,121,4,,
2429,741,2,1,,
2430,742,2,2,,
2431,742,2,3,,
2432,742,121,4,,
2433,742,2,1,,
2434,743,2,3,,
2435,743,2,4,,
2436,743,2,1,,
2437,744,2,2,,
2438,744,2,3,,
2439,744,116,4,,
2440,744,2,1,,
2441,745,2,2,,
2442,745,2,3,,
2443,745,121,4,,
2444,745,2,1,,
2445,746,2,2,,
2446,746,2,3,,
2447,746,116,4,,
2448,746,2,1,,
2449,747,2,2,,
2450,747,2,3,,
2451,747,116,4,,
2452,747,2,1,,
2453,748,2,2,,
2454,748,2,3,,
2455,748,2,4,,
2456,748,116,4,,
2457,748,2,1,,
2458,749,2,2,,
2459,749,2,3,,
2460,749,121,4,,
2461,749,2,1,,
2462,750,2,2,,
2463,750,2,3,,
2464,750,179,4,,
2465,750,2,1,,
2466,751,2,2,,
2467,751,2,3,,
2468,751,116,4,,
2469,751,2,1,,
2470,752,2,2,,
2471,752,2,3,,
2472,752,179,4,,
2473,752,2,1,,
2474,753,2,2,,
2475,753,2,3,,
2476,753,179,4,,
2477,753,2,1,,
2478,754,2,2,,
2479,754,2,3,,
2480,754,121,4,,
2481,754,2,1,,
2482,755,2,2,,
2483,755,180,3,,
2484,755,116,4,,
2485,755,2,1,,
2486,756,2,2,,
2487,756,2,3,,
2488,756,181,4,,
2489,756,2,1,,
2490,757,2,2,,
2491,757,2,3,,
2492,757,179,4,,
2493,757,2,1,,
2494,758,2,2,,
2495,758,2,3,,
2496,758,116,4,,
2497,758,2,1,,
2498,759,2,2,,
2499,759,2,3,,
2500,759,182,4,,
2501,759,2,1,,
2502,760,2,2,,
2503,760,2,3,,
2504,760,121,4,,
2505,760,2,1,,
2506,761,2,2,,
2507,761,2,3,,
2508,761,116,4,,
2509,761,2,1,,
2510,762,2,2,,
2511,762,2,3,,
2512,762,179,4,,
2513,762,2,1,,
2514,763,2,2,,
2515,763,2,3,,
2516,763,182,4,,
2517,763,2,1,,
2518,764,2,2,,
2519,764,2,3,,
2520,764,2,1,,
2521,765,2,2,,
2522,765,2,3,,
2523,765,2,1,,
2524,766,2,2,,
2525,766,2,3,,
2526,766,183,4,,
2527,766,2,1,,
2528,767,2,2,,
2529,767,2,3,,
2530,767,183,4,,
2531,767,2,1,,
2532,768,2,2,,
2533,768,2,3,,
2534,768,183,4,,
2535,768,2,1,,
2536,769,2,2,,
2537,769,2,3,,
2538,769,183,4,,
2539,769,2,1,,
2540,770,2,2,,
2541,770,2,3,,
2542,770,183,4,,
2543,770,2,1,,
2544,771,2,2,,
2545,771,2,3,,
2546,771,183,4,,
2547,771,2,1,,
2548,772,2,2,,
2549,772,2,3,,
2550,772,183,4,,
2551,772,2,1,,
2552,773,2,2,,
2553,773,2,3,,
2554,773,183,4,,
2555,773,2,1,,
2556,774,2,2,,
2557,774,2,3,,
2558,774,183,4,,
2559,774,2,1,,
2560,775,2,2,,
2561,775,2,3,,
2562,775,183,4,,
2563,775,2,1,,
2564,776,2,2,,
2565,776,184,3,,
2566,776,183,4,,
2567,776,2,1,,
2568,777,2,2,,
2569,777,2,3,,
2570,777,183,4,,
2571,777,2,1,,
2572,778,2,2,,
2573,778,2,3,,
2574,778,2,1,,
2575,779,2,2,,
2576,779,2,3,,
2577,779,2,1,,
2578,780,2,2,,
2579,780,2,3,,
2580,780,2,1,,
2581,781,2,2,,
2582,781,2,3,,
2583,781,2,1,,
2584,782,2,2,,
2585,782,2,3,,
2586,782,2,1,,
2587,783,2,2,,
2588,783,2,3,,
2589,783,2,1,,
2590,784,2,2,,
2591,784,2,3,,
2592,784,2,1,,
2593,785,2,2,,
2594,785,2,3,,
2595,785,2,1,,
2596,786,2,2,,
2597,786,2,3,,
2598,786,2,1,,
2599,787,2,2,,
2600,787,2,3,,
2601,787,2,1,,
2602,788,2,2,,
2603,788,2,3,,
2604,788,2,1,,
2605,789,2,2,,
2606,789,2,3,,
2607,789,2,1,,
2608,790,2,2,,
2609,790,2,3,,
2610,790,2,1,,
2611,791,2,2,,
2612,791,2,3,,
2613,791,2,1,,
2614,792,2,2,,
2615,792,2,3,,
2616,792,2,1,,
2617,793,2,2,,
2618,793,2,3,,
2619,793,2,1,,
2620,794,2,2,,
2621,794,2,3,,
2622,794,2,1,,
2623,795,2,2,,
2624,795,2,3,,
2625,795,2,1,,
2626,796,2,2,,
2627,796,2,3,,
2628,796,2,1,,
2629,797,2,2,,
2630,797,2,3,,
2631,797,2,1,,
2632,798,2,2,,
2633,798,2,3,,
2634,798,2,1,,
2635,799,2,2,,
2636,799,2,3,,
2637,799,2,1,,
2638,800,2,2,,
2639,800,2,3,,
2640,800,2,1,,
2641,801,2,2,,
2642,801,2,3,,
2643,801,2,1,,
2644,802,2,2,,
2645,802,2,3,,
2646,802,2,1,,
2647,803,2,2,,
2648,803,2,3,,
2649,803,2,1,,
2650,804,2,2,,
2651,804,2,3,,
2652,804,2,1,,
2653,805,2,2,,
2654,805,2,3,,
2655,805,2,1,,
2656,806,2,2,,
2657,806,2,3,,
2658,806,2,1,,
2659,807,2,2,,
2660,807,2,3,,
2661,807,2,1,,
2662,808,2,2,,
2663,808,2,3,,
2664,808,2,1,,
2665,809,2,2,,
2666,809,2,3,,
2667,809,2,1,,
2668,810,2,2,,
2669,810,2,3,,
2670,810,2,1,,
2671,811,2,2,,
2672,811,185,3,,
2673,811,2,1,,
2674,812,2,2,,
2675,812,185,3,,
2676,812,2,1,,
2677,813,2,2,,
2678,813,2,3,,
2679,813,2,4,,
2680,813,2,1,,
2681,814,2,2,,
2682,814,2,3,,
2683,814,2,4,,
2684,814,2,1,,
2685,815,2,2,,
2686,815,2,3,,
2687,815,2,4,,
2688,815,2,1,,
2689,816,2,2,,
2690,816,2,3,,
2691,816,2,4,,
2692,816,2,1,,
2693,817,2,2,,
2694,817,2,3,,
2695,817,2,4,,
2696,817,2,1,,
2697,818,2,2,,
2698,818,2,3,,
2699,818,2,4,,
2700,818,2,1,,
2701,819,2,2,,
2702,819,2,3,,
2703,819,2,4,,
2704,819,2,1,,
2705,820,2,2,,
2706,820,2,3,,
2707,820,2,4,,
2708,820,2,1,,
2709,821,2,2,,
2710,821,2,3,,
2711,821,2,4,,
2712,821,2,1,,
2713,822,2,2,,
2714,822,2,3,,
2715,822,116,4,,
2716,822,2,1,,
2717,823,2,1,,
2718,824,2,2,,
2719,824,2,3,,
2720,824,2,1,,
2721,825,2,2,,
2722,825,2,3,,
2723,825,2,1,,
2724,826,2,2,,
2725,826,2,3,,
2726,826,2,1,,
2727,827,2,2,,
2728,827,2,3,,
2729,827,2,1,,
2730,828,2,2,,
2731,828,2,3,,
2732,828,2,1,,
2733,829,2,2,,
2734,829,2,3,,
2735,829,2,1,,
2736,830,2,2,,
2737,830,2,3,,
2738,830,2,1,,
2739,831,2,2,,
2740,831,2,3,,
2741,831,2,1,,
2742,832,2,2,,
2743,832,2,3,,
2744,832,2,1,,
2745,833,2,2,,
2746,833,2,3,,
2747,833,121,4,,
2748,833,2,1,,
2749,834,2,2,,
2750,834,2,3,,
2751,834,121,4,,
2752,834,2,1,,
2753,835,2,3,,
2754,835,2,1,,
2755,836,2,2,,
2756,836,2,3,,
2757,836,173,4,,
2758,836,2,1,,
2759,837,174,2,,
2760,837,2,3,,
2761,837,173,4,,
2762,837,2,1,,
2763,838,2,2,,
2764,838,2,3,,
2765,838,173,4,,
2766,838,2,1,,
2767,839,2,2,,
2768,839,2,3,,
2769,839,175,4,,
2770,839,2,1,,
2771,840,2,2,,
2772,840,2,3,,
2773,840,175,4,,
2774,840,2,1,,
2775,841,2,2,,
2776,841,2,3,,
2777,841,121,4,,
2778,841,2,1,,
2779,842,2,2,,
2780,842,2,3,,
2781,842,178,4,,
2782,842,2,1,,
2783,843,2,2,,
2784,843,2,3,,
2785,843,178,4,,
2786,843,2,1,,
2787,844,2,2,,
2788,844,2,3,,
2789,844,116,4,,
2790,844,2,1,,
2791,845,2,2,,
2792,845,2,3,,
2793,845,186,4,,
2794,845,2,1,,
2795,846,2,2,,
2796,846,2,3,,
2797,846,121,4,,
2798,846,2,1,,
2799,847,2,2,,
2800,847,180,3,,
2801,847,116,4,,
2802,847,2,1,,
2803,848,2,2,,
2804,848,2,3,,
2805,848,179,4,,
2806,848,2,1,,
2807,849,2,2,,
2808,849,2,3,,
2809,849,183,4,,
2810,849,2,1,,
2811,850,2,2,,
2812,850,2,3,,
2813,850,116,4,,
2814,850,2,1,,
2815,851,2,2,,
2816,851,2,3,,
2817,851,2,4,,
2818,851,2,1,,
2819,852,2,2,,
2820,852,2,3,,
2821,852,114,4,,
2822,852,99,1,,
2823,853,2,2,,
2824,853,2,3,,
2825,853,116,4,,
2826,853,99,1,,
2827,854,2,2,,
2828,854,104,3,,
2829,854,114,4,,
2830,854,99,1,,
2831,855,2,2,,
2832,855,2,3,,
2833,855,99,4,,
2834,855,99,1,,
2835,856,125,2,,
2836,856,2,3,,
2837,856,114,4,,
2838,856,99,1,,
2839,857,2,2,,
2840,857,2,3,,
2841,857,116,4,,
2842,857,99,1,,
2843,858,2,2,,
2844,858,2,3,,
2845,858,121,4,,
2846,858,99,1,,
2847,859,2,2,,
2848,859,2,3,,
2849,859,116,4,,
2850,859,187,1,,
2851,860,2,2,,
2852,860,2,3,,
2853,860,120,4,,
2854,860,187,1,,
2855,861,2,2,,
2856,861,2,3,,
2857,861,116,4,,
2858,861,187,1,,
2859,862,2,2,,
2860,862,2,3,,
2861,862,120,4,,
2862,862,187,1,,
2863,863,2,2,,
2864,863,2,3,,
2865,863,116,4,,
2866,863,187,1,,
2867,864,2,2,,
2868,864,2,3,,
2869,864,114,4,,
2870,864,187,1,,
2871,865,2,2,,
2872,865,2,3,,
2873,865,116,4,,
2874,865,187,1,,
2875,866,2,2,,
2876,866,2,3,,
2877,866,116,4,,
2878,866,187,1,,
2879,867,2,2,,
2880,867,2,3,,
2881,867,116,4,,
2882,867,187,1,,
2883,868,2,2,,
2884,868,2,3,,
2885,868,116,4,,
2886,868,187,1,,
2887,869,2,2,,
2888,869,2,3,,
2889,869,116,4,,
2890,869,187,1,,
2891,870,2,2,,
2892,870,2,3,,
2893,870,116,4,,
2894,870,187,1,,
2895,871,2,2,,
2896,871,2,3,,
2897,871,116,4,,
2898,871,187,1,,
2899,872,2,2,,
2900,872,2,3,,
2901,872,116,4,,
2902,872,187,1,,
2903,873,2,2,,
2904,873,2,3,,
2905,873,116,4,,
2906,873,187,1,,
2907,874,2,2,,
2908,874,2,3,,
2909,874,121,4,,
2910,874,187,1,,
2911,875,2,2,,
2912,875,2,3,,
2913,875,121,4,,
2914,875,187,1,,
2915,876,2,2,,
2916,876,2,3,,
2917,876,173,4,,
2918,876,2,1,,
2919,877,2,2,,
2920,877,2,3,,
2921,877,173,4,,
2922,877,2,1,,
2923,878,2,2,,
2924,878,2,3,,
2925,878,173,4,,
2926,878,2,1,,
2927,879,2,2,,
2928,879,2,3,,
2929,879,173,4,,
2930,879,2,1,,
2931,880,2,2,,
2932,880,2,3,,
2933,880,173,4,,
2934,880,2,1,,
2935,881,2,2,,
2936,881,2,3,,
2937,881,173,4,,
2938,881,2,1,,
2939,882,2,2,,
2940,882,2,3,,
2941,882,175,4,,
2942,882,2,1,,
2943,883,2,2,,
2944,883,2,3,,
2945,883,121,4,,
2946,883,2,1,,
2947,884,2,2,,
2948,884,2,3,,
2949,884,116,4,,
2950,884,2,1,,
2951,885,2,2,,
2952,885,2,3,,
2953,885,2,4,,
2954,885,121,4,,
2955,885,2,1,,
2956,886,2,2,,
2957,886,2,3,,
2958,886,2,4,,
2959,886,116,4,,
2960,886,2,1,,
2961,887,2,2,,
2962,887,2,3,,
2963,887,2,4,,
2964,887,2,1,,
2965,888,2,2,,
2966,888,2,3,,
2967,888,116,4,,
2968,888,2,1,,
2969,889,2,2,,
2970,889,2,3,,
2971,889,2,4,,
2972,889,116,4,,
2973,889,2,1,,
2974,890,2,3,,
2975,890,2,4,,
2976,890,2,1,,
2977,891,2,2,,
2978,891,2,3,,
2979,891,116,4,,
2980,891,2,1,,
2981,892,2,2,,
2982,892,2,3,,
2983,892,121,4,,
2984,892,2,1,,
2985,893,2,2,,
2986,893,2,3,,
2987,893,116,4,,
2988,893,2,1,,
2989,894,2,2,,
2990,894,2,3,,
2991,894,183,4,,
2992,894,2,1,,
2993,895,2,2,,
2994,895,2,3,,
2995,895,183,4,,
2996,895,2,1,,
2997,896,2,2,,
2998,896,2,3,,
2999,896,2,4,,
3000,896,2,1,,
3001,897,2,2,,
3002,897,2,3,,
3003,897,2,4,,
3004,897,2,1,,
3005,898,2,2,,
3006,898,2,3,,
3007,898,2,4,,
3008,898,2,1,,
3009,899,2,2,,
3010,899,2,3,,
3011,899,2,4,,
3012,899,2,1,,
3013,900,2,2,,
3014,900,2,3,,
3015,900,2,4,,
3016,900,2,1,,
3017,901,2,2,,
3018,901,2,3,,
3019,901,2,4,,
3020,901,121,4,,
3021,901,2,1,,
3022,902,2,2,,
3023,902,2,3,,
3024,902,2,4,,
3025,902,2,1,,
3026,903,2,2,,
3027,903,2,3,,
3028,903,2,4,,
3029,903,2,1,,
3030,904,2,2,,
3031,904,2,3,,
3032,904,2,1,,
3033,905,2,2,,
3034,905,2,3,,
3035,905,2,1,,
3036,906,2,2,,
3037,906,2,3,,
3038,906,2,1,,
3039,907,2,2,,
3040,907,2,3,,
3041,907,2,1,,
3042,908,2,2,,
3043,908,2,3,,
3044,908,2,1,,
3045,909,2,2,,
3046,909,2,3,,
3047,909,2,1,,
3048,910,2,2,,
3049,910,2,3,,
3050,910,2,1,,
3051,911,2,2,,
3052,911,2,3,,
3053,911,2,1,,
3054,912,2,2,,
3055,912,2,3,,
3056,912,2,1,,
3057,913,2,2,,
3058,913,2,3,,
3059,913,2,1,,
3060,914,2,2,,
3061,914,2,3,,
3062,914,2,1,,
3063,915,2,2,,
3064,915,2,3,,
3065,915,2,1,,
3066,916,2,2,,
3067,916,2,3,,
3068,916,2,1,,
3069,917,2,2,,
3070,917,2,3,,
3071,917,2,1,,
3072,918,2,2,,
3073,918,2,3,,
3074,918,2,1,,
3075,919,2,2,,
3076,919,2,3,,
3077,919,2,1,,
3078,920,2,2,,
3079,920,2,3,,
3080,920,2,1,,
3081,921,2,2,,
3082,921,2,3,,
3083,921,2,1,,
3084,922,2,2,,
3085,922,2,3,,
3086,922,2,1,,
3087,923,2,2,,
3088,923,2,3,,
3089,923,2,1,,
3090,924,2,2,,
3091,924,2,3,,
3092,924,2,1,,
3093,925,2,2,,
3094,925,2,3,,
3095,925,2,1,,
3096,926,2,2,,
3097,926,2,3,,
3098,926,2,1,,
3099,927,2,2,,
3100,927,2,3,,
3101,927,2,1,,
3102,928,2,2,,
3103,928,2,3,,
3104,928,2,1,,
3105,929,2,2,,
3106,929,2,3,,
3107,929,2,1,,
3108,930,2,2,,
3109,930,2,3,,
3110,930,2,1,,
3111,931,2,2,,
3112,931,2,3,,
3113,931,2,1,,
3114,932,2,2,,
3115,932,2,3,,
3116,932,2,1,,
3117,933,2,2,,
3118,933,2,3,,
3119,933,2,1,,
3120,934,2,2,,
3121,934,2,3,,
3122,934,2,1,,
3123,935,2,2,,
3124,935,2,3,,
3125,935,2,1,,
3126,936,2,2,,
3127,936,2,3,,
3128,936,187,1,,
3129,937,2,2,,
3130,937,2,3,,
3131,937,187,1,,
3132,938,2,2,,
3133,938,2,3,,
3134,938,187,1,,
3135,939,2,2,,
3136,939,2,3,,
3137,939,187,1,,
3138,940,125,2,,
3139,940,2,3,,
3140,940,187,1,,
3141,941,2,2,,
3142,941,2,3,,
3143,941,187,1,,
3144,942,2,2,,
3145,942,188,3,,
3146,942,187,1,,
3147,943,2,2,,
3148,943,2,3,,
3149,943,187,1,,
3150,944,2,2,,
3151,944,2,3,,
3152,944,187,1,,
3153,945,2,2,,
3154,945,2,3,,
3155,945,187,1,,
3156,946,2,2,,
3157,946,2,3,,
3158,946,187,1,,
3159,947,2,2,,
3160,947,2,3,,
3161,947,187,1,,
3162,948,2,2,,
3163,948,2,3,,
3164,948,187,1,,
3165,949,2,2,,
3166,949,2,3,,
3167,949,187,1,,
3168,950,2,2,,
3169,950,2,3,,
3170,950,187,1,,
3171,951,2,2,,
3172,951,2,3,,
3173,951,187,1,,
3174,952,2,2,,
3175,952,2,3,,
3176,952,187,1,,
3177,953,2,2,,
3178,953,2,3,,
3179,953,187,1,,
3180,954,2,2,,
3181,954,2,3,,
3182,954,187,1,,
3183,955,2,2,,
3184,955,2,3,,
3185,955,172,4,,
3186,955,2,1,,
3187,956,2,2,,
3188,956,2,3,,
3189,956,2,4,,
3190,956,2,1,,
3191,957,2,2,,
3192,957,2,3,,
3193,957,189,4,,
3194,957,2,1,,
3195,958,2,2,,
3196,958,2,3,,
3197,958,2,4,,
3198,958,2,1,,
3199,959,2,2,,
3200,959,2,3,,
3201,959,2,4,,
3202,959,2,1,,
3203,960,2,2,,
3204,960,2,3,,
3205,960,172,4,,
3206,960,2,1,,
3207,961,2,2,,
3208,961,2,3,,
3209,961,2,4,,
3210,961,2,1,,
3211,962,2,2,,
3212,962,2,3,,
3213,962,2,4,,
3214,962,2,1,,
3215,963,2,2,,
3216,963,2,3,,
3217,963,172,4,,
3218,963,2,1,,
3219,964,2,2,,
3220,964,2,3,,
3221,964,2,4,,
3222,964,2,1,,
3223,965,2,2,,
3224,965,2,3,,
3225,965,2,4,,
3226,965,2,1,,
3227,966,2,2,,
3228,966,2,3,,
3229,966,190,4,,
3230,966,2,1,,
3231,967,2,2,,
3232,967,2,3,,
3233,967,191,1,,
3234,968,2,2,,
3235,968,2,3,,
3236,968,191,1,,
3237,969,2,2,,
3238,969,2,3,,
3239,969,187,1,,
3240,970,2,2,,
3241,970,2,3,,
3242,970,187,1,,
3243,971,2,2,,
3244,971,2,3,,
3245,971,187,1,,
3246,972,188,2,,
3247,972,188,3,,
3248,972,187,1,,
3249,973,2,2,,
3250,973,2,3,,
3251,973,187,1,,
3252,974,2,2,,
3253,974,2,3,,
3254,974,187,1,,
3255,975,2,2,,
3256,975,2,3,,
3257,975,187,1,,
3258,976,188,2,,
3259,976,188,3,,
3260,976,187,1,,
3261,977,125,2,,
3262,977,2,3,,
3263,977,187,1,,
3264,978,2,2,,
3265,978,2,3,,
3266,978,187,1,,
3267,979,125,2,,
3268,979,2,3,,
3269,979,187,1,,
3270,980,188,2,,
3271,980,188,3,,
3272,980,187,1,,
3273,981,2,2,,
3274,981,2,3,,
3275,981,187,1,,
3276,982,188,2,,
3277,982,188,3,,
3278,982,187,1,,
3279,983,2,2,,
3280,983,2,3,,
3281,983,187,1,,
3282,984,188,2,,
3283,984,188,3,,
3284,984,187,1,,
3285,985,2,2,,
3286,985,2,3,,
3287,985,187,1,,
3288,986,2,2,,
3289,986,188,3,,
3290,986,187,1,,
3291,987,2,2,,
3292,987,2,3,,
3293,987,187,1,,
3294,988,188,2,,
3295,988,188,3,,
3296,988,187,1,,
3297,989,2,2,,
3298,989,2,3,,
3299,989,187,1,,
3300,990,188,2,,
3301,990,188,3,,
3302,990,187,1,,
3303,991,2,2,,
3304,991,2,3,,
3305,991,187,1,,
3306,992,2,2,,
3307,992,2,3,,
3308,992,187,1,,
3309,993,2,2,,
3310,993,2,3,,
3311,993,187,1,,
3312,994,2,2,,
3313,994,2,3,,
3314,994,187,1,,
3315,995,2,2,,
3316,995,2,3,,
3317,995,2,1,,
3318,996,2,2,,
3319,996,2,3,,
3320,996,187,1,,
3321,997,2,2,,
3322,997,2,3,,
3323,997,2,1,,
3324,998,124,2,,
3325,998,124,3,,
3326,998,2,1,,
3327,999,2,2,,
3328,999,104,3,,
3329,999,99,1,,
3330,1000,2,2,,
3331,1000,104,3,,
3332,1000,99,1,,
3333,1001,125,2,,
3334,1001,2,3,,
3335,1001,99,1,,
3336,1002,2,2,,
3337,1002,2,3,,
3338,1002,99,1,,
3339,1003,2,2,,
3340,1003,2,3,,
3341,1003,99,1,,
3342,1004,2,2,,
3343,1004,2,3,,
3344,1004,99,1,,
3345,1005,2,2,,
3346,1005,2,3,,
3347,1005,187,1,,
3348,1006,2,2,,
3349,1006,2,3,,
3350,1006,187,1,,
3351,1007,2,2,,
3352,1007,2,3,,
3353,1007,2,1,,
3354,1008,2,2,,
3355,1008,2,3,,
3356,1008,2,1,,
3357,1009,2,2,,
3358,1009,2,3,,
3359,1009,187,1,,
3360,1010,2,2,,
3361,1010,2,3,,
3362,1010,2,1,,
3363,1011,2,2,,
3364,1011,2,3,,
3365,1011,2,1,,
3366,1012,2,2,,
3367,1012,2,3,,
3368,1012,187,1,,
3369,1013,2,2,,
3370,1013,2,3,,
3371,1013,99,1,,
3372,1014,2,2,,
3373,1014,2,3,,
3374,1014,2,1,,
3375,1015,2,2,,
3376,1015,2,3,,
3377,1015,2,1,,
3378,1016,2,2,,
3379,1016,2,3,,
3380,1016,2,1,,
3381,1017,2,2,,
3382,1017,2,3,,
3383,1017,2,1,,
3384,1018,2,2,,
3385,1018,2,3,,
3386,1018,2,1,,
3387,1019,2,2,,
3388,1019,2,3,,
3389,1019,2,1,,
3390,1020,2,2,,
3391,1020,2,3,,
3392,1020,2,1,,
3393,1021,2,2,,
3394,1021,2,3,,
3395,1021,2,1,,
3396,1022,2,2,,
3397,1022,2,3,,
3398,1022,2,1,,
3399,1023,2,2,,
3400,1023,2,3,,
3401,1023,2,1,,
3402,1024,2,2,,
3403,1024,2,3,,
3404,1024,2,1,,
3405,1025,2,2,,
3406,1025,2,3,,
3407,1025,2,1,,
3408,1026,2,2,,
3409,1026,2,3,,
3410,1026,2,1,,
3411,1027,2,2,,
3412,1027,2,3,,
3413,1027,2,1,,
3414,1028,2,2,,
3415,1028,2,3,,
3416,1028,2,1,,
3417,1029,2,2,,
3418,1029,2,3,,
3419,1029,2,1,,
3420,1030,2,2,,
3421,1030,2,3,,
3422,1030,2,1,,
3423,1031,2,2,,
3424,1031,2,3,,
3425,1031,2,1,,
3426,1032,2,2,,
3427,1032,2,3,,
3428,1032,2,1,,
3429,1033,2,2,,
3430,1033,2,3,,
3431,1033,2,1,,
3432,1034,2,2,,
3433,1034,2,3,,
3434,1034,2,1,,
3435,1035,2,2,,
3436,1035,2,3,,
3437,1035,2,1,,
3438,1036,2,2,,
3439,1036,2,3,,
3440,1036,2,1,,
3441,1037,2,2,,
3442,1037,2,3,,
3443,1037,2,1,,
3444,1038,2,2,,
3445,1038,2,3,,
3446,1038,2,1,,
3447,1039,2,2,,
3448,1039,2,3,,
3449,1039,2,1,,
3450,1040,2,2,,
3451,1040,2,3,,
3452,1040,2,1,,
3453,1041,2,2,,
3454,1041,2,3,,
3455,1041,2,1,,
3456,1042,2,2,,
3457,1042,2,3,,
3458,1042,2,1,,
3459,1043,2,2,,
3460,1043,2,3,,
3461,1043,2,1,,
3462,1044,2,2,,
3463,1044,2,3,,
3464,1044,2,1,,
3465,1045,2,2,,
3466,1045,2,3,,
3467,1045,2,1,,
3468,1046,2,2,,
3469,1046,2,3,,
3470,1046,2,1,,
3471,1047,2,2,,
3472,1047,2,3,,
3473,1047,2,1,,
3474,1048,2,2,,
3475,1048,2,3,,
3476,1048,2,1,,
3477,1049,2,2,,
3478,1049,2,3,,
3479,1049,2,1,,
3480,1050,2,2,,
3481,1050,2,3,,
3482,1050,2,1,,
3483,1051,2,2,,
3484,1051,2,3,,
3485,1051,2,1,,
3486,1052,2,2,,
3487,1052,2,3,,
3488,1052,2,1,,
3489,1053,2,2,,
3490,1053,2,3,,
3491,1053,187,1,,
3492,1054,2,2,,
3493,1054,2,3,,
3494,1054,2,1,,
3495,1055,2,2,,
3496,1055,2,3,,
3497,1055,187,1,,
3498,1056,2,2,,
3499,1056,2,3,,
3500,1056,2,1,,
3501,1057,2,2,,
3502,1057,2,3,,
3503,1057,2,1,,
3504,1058,2,2,,
3505,1058,2,3,,
3506,1058,2,1,,
3507,1059,2,2,,
3508,1059,2,3,,
3509,1059,2,1,,
3510,1060,2,2,,
3511,1060,188,3,,
3512,1060,2,1,,
3513,1061,2,2,,
3514,1061,2,3,,
3515,1061,2,1,,
3516,1062,2,2,,
3517,1062,2,3,,
3518,1062,2,1,,
3519,1063,2,2,,
3520,1063,2,3,,
3521,1063,2,1,,
3522,1064,2,2,,
3523,1064,2,3,,
3524,1064,2,1,,
3525,1065,2,2,,
3526,1065,2,3,,
3527,1065,2,1,,
3528,1066,2,2,,
3529,1066,2,3,,
3530,1066,2,1,,
3531,1067,2,2,,
3532,1067,2,3,,
3533,1067,187,1,,
3534,1068,2,2,,
3535,1068,2,3,,
3536,1068,187,1,,
3537,1069,2,2,,
3538,1069,2,3,,
3539,1069,187,1,,
3540,1070,2,2,,
3541,1070,2,3,,
3542,1070,187,1,,
3543,1071,2,2,,
3544,1071,2,3,,
3545,1071,187,1,,
3546,1072,2,2,,
3547,1072,2,3,,
3548,1072,2,1,,
3549,1073,2,2,,
3550,1073,2,3,,
3551,1073,2,1,,
3552,1074,2,2,,
3553,1074,2,3,,
3554,1074,2,1,,
3555,1075,2,2,,
3556,1075,2,3,,
3557,1075,2,1,,
3558,1076,2,2,,
3559,1076,2,3,,
3560,1076,2,1,,
3561,1077,2,2,,
3562,1077,2,3,,
3563,1077,2,1,,
3564,1078,2,2,,
3565,1078,2,3,,
3566,1078,2,1,,
3567,1079,2,2,,
3568,1079,2,3,,
3569,1079,2,1,,
3570,1080,2,2,,
3571,1080,2,3,,
3572,1080,2,1,,
3573,1081,2,2,,
3574,1081,2,3,,
3575,1081,2,1,,
3576,1082,2,2,,
3577,1082,2,3,,
3578,1082,2,1,,
3579,1083,2,2,,
3580,1083,2,3,,
3581,1083,185,4,,
3582,1083,2,1,,
3583,1084,2,2,,
3584,1084,2,3,,
3585,1084,2,1,,
3586,1085,2,2,,
3587,1085,2,3,,
3588,1085,2,1,,
3589,1086,2,2,,
3590,1086,2,3,,
3591,1086,2,1,,
3592,1087,2,2,,
3593,1087,2,3,,
3594,1087,2,4,,
3595,1087,2,1,,
3596,1088,2,2,,
3597,1088,2,3,,
3598,1088,2,4,,
3599,1088,2,1,,
3600,1089,2,2,,
3601,1089,2,3,,
3602,1089,2,4,,
3603,1089,2,1,,
3604,1090,28,2,,
3605,1090,28,3,,
3606,1090,192,4,,
3607,1091,28,2,,
3608,1091,28,3,,
3609,1091,193,4,,
3610,1092,28,2,,
3611,1092,28,3,,
3612,1092,28,4,,
3613,1093,28,2,,
3614,1093,28,3,,
3615,1093,193,4,,
3616,1094,28,2,,
3617,1094,28,3,,
3618,1094,193,4,,
3619,1095,28,2,,
3620,1095,28,3,,
3621,1095,193,4,,
3622,1096,28,2,,
3623,1096,28,3,,
3624,1096,193,4,,
3625,1097,28,2,,
3626,1097,28,3,,
3627,1097,194,4,,
3628,1098,28,2,,
3629,1098,28,3,,
3630,1098,28,4,,
3631,1099,28,2,,
3632,1099,28,3,,
3633,1099,28,4,,
3634,1100,28,2,,
3635,1100,28,3,,
3636,1100,28,4,,
3637,1101,28,2,,
3638,1101,28,3,,
3639,1101,28,4,,
3640,1102,28,2,,
3641,1102,28,3,,
3642,1102,28,4,,
3643,1103,28,2,,
3644,1103,28,3,,
3645,1103,28,4,,
3646,1104,28,2,,
3647,1104,28,3,,
3648,1104,28,4,,
3649,1105,28,2,,
3650,1105,28,3,,
3651,1105,28,4,,
3652,1106,28,2,,
3653,1106,28,3,,
3654,1106,28,4,,
3655,1107,195,2,,
3656,1107,196,3,,
3657,1107,28,4,,
3658,1108,28,2,,
3659,1108,28,3,,
3660,1108,28,4,,
3661,1109,28,2,,
3662,1109,28,3,,
3663,1109,28,4,,
3664,1110,28,2,,
3665,1110,28,3,,
3666,1110,28,4,,
3667,1111,28,2,,
3668,1111,28,3,,
3669,1111,28,4,,
3670,1112,28,2,,
3671,1112,28,3,,
3672,1112,28,4,,
3673,1113,28,2,,
3674,1113,28,3,,
3675,1113,28,4,,
3676,1114,28,2,,
3677,1114,28,3,,
3678,1114,28,4,,
3679,1115,28,2,,
3680,1115,28,3,,
3681,1115,28,4,,
3682,1116,28,2,,
3683,1116,28,3,,
3684,1116,28,4,,
3685,1117,28,2,,
3686,1117,28,3,,
3687,1117,28,4,,
3688,1118,28,2,,
3689,1118,28,3,,
3690,1118,197,4,,
3691,1119,28,2,,
3692,1119,28,3,,
3693,1119,198,4,,
3694,1120,28,2,,
3695,1120,28,3,,
3696,1120,198,4,,
3697,1121,28,2,,
3698,1121,28,3,,
3699,1121,28,4,,
3700,1122,28,2,,
3701,1122,28,3,,
3702,1122,28,4,,
3703,1123,28,2,,
3704,1123,28,3,,
3705,1123,28,4,,
3706,1124,28,2,,
3707,1124,28,3,,
3708,1124,28,4,,
3709,1125,28,2,,
3710,1125,28,3,,
3711,1125,28,4,,
3712,1126,28,2,,
3713,1126,28,3,,
3714,1126,28,4,,
3715,1127,28,2,,
3716,1127,28,3,,
3717,1127,28,4,,
3718,1128,28,2,,
3719,1128,28,3,,
3720,1128,28,4,,
3721,1129,28,2,,
3722,1129,28,3,,
3723,1129,28,4,,
3724,1130,28,2,,
3725,1130,28,3,,
3726,1130,28,4,,
3727,1131,28,2,,
3728,1131,28,3,,
3729,1131,28,4,,
3730,1132,28,2,,
3731,1132,28,3,,
3732,1132,28,4,,
3733,1133,28,2,,
3734,1133,28,3,,
3735,1133,28,4,,
3736,1134,28,2,,
3737,1134,28,3,,
3738,1134,28,4,,
3739,1135,28,2,,
3740,1135,28,3,,
3741,1135,28,4,,
3742,1136,28,2,,
3743,1136,28,3,,
3744,1136,28,4,,
3745,1137,28,2,,
3746,1137,28,3,,
3747,1137,28,4,,
3748,1138,28,2,,
3749,1138,28,3,,
3750,1138,28,4,,
3751,1139,28,2,,
3752,1139,28,3,,
3753,1139,28,4,,
3754,1140,28,2,,
3755,1140,28,3,,
3756,1140,28,4,,
3757,1141,28,2,,
3758,1141,28,3,,
3759,1141,28,4,,
3760,1142,28,2,,
3761,1142,28,3,,
3762,1142,28,4,,
3763,1143,28,2,,
3764,1143,28,3,,
3765,1143,28,4,,
3766,1144,28,2,,
3767,1144,28,3,,
3768,1144,28,4,,
3769,1145,28,2,,
3770,1145,28,3,,
3771,1145,28,4,,
3772,1146,28,2,,
3773,1146,28,3,,
3774,1146,28,4,,
3775,1147,28,2,,
3776,1147,28,3,,
3777,1147,28,4,,
3778,1148,28,2,,
3779,1148,28,3,,
3780,1148,28,4,,
3781,1149,28,2,,
3782,1149,28,3,,
3783,1149,28,4,,
3784,1150,28,2,,
3785,1150,28,3,,
3786,1150,28,4,,
3787,1151,28,2,,
3788,1151,28,3,,
3789,1151,28,4,,
3790,1152,28,2,,
3791,1152,28,3,,
3792,1152,28,4,,
3793,1153,28,2,,
3794,1153,28,3,,
3795,1153,28,4,,
3796,1154,28,2,,
3797,1154,28,3,,
3798,1154,28,4,,
3799,1155,28,2,,
3800,1155,28,3,,
3801,1155,28,4,,
3802,1156,28,2,,
3803,1156,28,3,,
3804,1156,28,4,,
3805,1157,28,2,,
3806,1157,28,3,,
3807,1157,28,4,,
3808,1158,28,2,,
3809,1158,28,3,,
3810,1158,28,4,,
3811,1159,28,2,,
3812,1159,28,3,,
3813,1159,28,4,,
3814,1160,28,2,,
3815,1160,28,3,,
3816,1160,28,4,,
3817,1161,28,2,,
3818,1161,28,3,,
3819,1161,28,4,,
3820,1162,28,2,,
3821,1162,28,3,,
3822,1162,28,4,,
3823,1163,28,2,,
3824,1163,28,3,,
3825,1163,28,4,,
3826,1164,28,2,,
3827,1164,28,3,,
3828,1164,28,4,,
3829,1165,28,2,,
3830,1165,28,3,,
3831,1165,28,4,,
3832,1166,28,2,,
3833,1166,28,3,,
3834,1166,28,4,,
3835,1167,28,2,,
3836,1167,28,3,,
3837,1167,28,4,,
3838,1168,28,2,,
3839,1168,28,3,,
3840,1168,28,4,,
3841,1169,28,2,,
3842,1169,28,3,,
3843,1169,28,4,,
3844,1170,28,2,,
3845,1170,28,3,,
3846,1170,28,4,,
3847,1171,28,2,,
3848,1171,28,3,,
3849,1171,28,4,,
3850,1172,28,2,,
3851,1172,28,3,,
3852,1172,28,4,,
3853,1173,28,2,,
3854,1173,28,3,,
3855,1173,28,4,,
3856,1174,28,2,,
3857,1174,28,3,,
3858,1174,28,4,,
3859,1175,28,2,,
3860,1175,28,3,,
3861,1175,28,4,,
3862,1176,28,2,,
3863,1176,28,3,,
3864,1176,28,4,,
3865,1177,28,2,,
3866,1177,28,3,,
3867,1177,28,4,,
3868,1178,28,2,,
3869,1178,28,3,,
3870,1178,28,4,,
3871,1179,28,2,,
3872,1179,28,3,,
3873,1179,28,4,,
3874,1180,28,2,,
3875,1180,28,3,,
3876,1180,28,4,,
3877,1181,28,2,,
3878,1181,28,3,,
3879,1181,28,4,,
3880,1182,28,2,,
3881,1182,28,3,,
3882,1182,28,4,,
3883,1183,28,2,,
3884,1183,28,3,,
3885,1183,28,4,,
3886,1184,28,2,,
3887,1184,28,3,,
3888,1184,28,4,,
3889,1185,28,2,,
3890,1185,28,3,,
3891,1185,28,4,,
3892,1186,28,2,,
3893,1186,28,3,,
3894,1186,28,4,,
3895,1187,28,2,,
3896,1187,28,3,,
3897,1187,28,4,,
3898,1188,28,2,,
3899,1188,28,3,,
3900,1188,28,4,,
3901,1189,28,2,,
3902,1189,28,3,,
3903,1189,28,4,,
3904,1190,28,2,,
3905,1190,28,3,,
3906,1190,28,4,,
3907,1191,28,2,,
3908,1191,28,3,,
3909,1191,28,4,,
3910,1192,28,2,,
3911,1192,28,3,,
3912,1192,28,4,,
3913,1193,28,2,,
3914,1193,28,3,,
3915,1193,28,4,,
3916,1194,28,2,,
3917,1194,28,3,,
3918,1194,28,4,,
3919,1195,28,2,,
3920,1195,28,3,,
3921,1195,28,4,,
3922,1196,28,2,,
3923,1196,28,3,,
3924,1196,28,4,,
3925,1197,28,2,,
3926,1197,28,3,,
3927,1197,28,4,,
3928,1198,28,2,,
3929,1198,28,3,,
3930,1198,28,4,,
3931,1199,28,2,,
3932,1199,28,3,,
3933,1199,28,4,,
3934,1200,28,2,,
3935,1200,28,3,,
3936,1200,28,4,,
3937,1201,28,2,,
3938,1201,28,3,,
3939,1201,28,4,,
3940,1202,28,2,,
3941,1202,28,3,,
3942,1202,28,4,,
3943,1203,28,2,,
3944,1203,28,3,,
3945,1203,28,4,,
3946,1204,28,2,,
3947,1204,28,3,,
3948,1204,28,4,,
3949,1205,28,2,,
3950,1205,28,3,,
3951,1205,28,4,,
3952,1206,28,2,,
3953,1206,28,3,,
3954,1206,28,4,,
3955,1207,28,2,,
3956,1207,28,3,,
3957,1207,28,4,,
3958,1208,28,2,,
3959,1208,28,3,,
3960,1208,28,4,,
3961,1209,28,2,,
3962,1209,28,3,,
3963,1209,28,4,,
3964,1210,28,2,,
3965,1210,28,3,,
3966,1210,28,4,,
3967,1211,28,2,,
3968,1211,28,3,,
3969,1211,28,4,,
3970,1212,28,2,,
3971,1212,28,3,,
3972,1212,28,4,,
3973,1213,28,2,,
3974,1213,28,3,,
3975,1213,28,4,,
3976,1214,28,2,,
3977,1214,28,3,,
3978,1214,28,4,,
3979,1215,28,2,,
3980,1215,28,3,,
3981,1215,28,4,,
3982,1216,28,2,,
3983,1216,28,3,,
3984,1216,28,4,,
3985,1217,28,2,,
3986,1217,28,3,,
3987,1217,28,4,,
3988,1218,28,2,,
3989,1218,28,3,,
3990,1218,28,4,,
3991,1219,28,2,,
3992,1219,28,3,,
3993,1219,28,4,,
3994,1220,28,2,,
3995,1220,28,3,,
3996,1220,28,4,,
3997,1221,28,2,,
3998,1221,28,3,,
3999,1221,28,4,,
4000,1222,28,2,,
4001,1222,28,3,,
4002,1222,28,4,,
4003,1223,28,2,,
4004,1223,28,3,,
4005,1223,28,4,,
4006,1224,28,2,,
4007,1224,28,3,,
4008,1224,28,4,,
4009,1225,28,2,,
4010,1225,28,3,,
4011,1225,28,4,,
4012,1226,28,2,,
4013,1226,28,3,,
4014,1226,28,4,,
4015,1227,28,2,,
4016,1227,28,3,,
4017,1227,28,4,,
4018,1228,28,2,,
4019,1228,28,3,,
4020,1228,28,4,,
4021,1229,28,2,,
4022,1229,28,3,,
4023,1229,28,4,,
4024,1230,28,2,,
4025,1230,28,3,,
4026,1230,28,4,,
4027,1231,28,2,,
4028,1231,28,3,,
4029,1231,28,4,,
4030,1232,28,2,,
4031,1232,28,3,,
4032,1232,28,4,,
4033,1233,28,2,,
4034,1233,28,3,,
4035,1233,28,4,,
4036,1234,28,2,,
4037,1234,28,3,,
4038,1234,28,4,,
4039,1235,28,2,,
4040,1235,28,3,,
4041,1235,28,4,,
4042,1236,28,2,,
4043,1236,28,3,,
4044,1236,28,4,,
4045,1237,28,2,,
4046,1237,28,3,,
4047,1237,28,4,,
4048,1238,28,2,,
4049,1238,28,3,,
4050,1238,28,4,,
4051,1259,28,2,,
4052,1259,28,3,,
4053,1259,28,4,,
4054,1260,28,2,,
4055,1260,28,3,,
4056,1260,28,4,,
4057,1261,28,2,,
4058,1261,28,3,,
4059,1261,28,4,,
4060,1262,28,2,,
4061,1262,28,3,,
4062,1262,28,4,,
4063,1263,28,2,,
4064,1263,28,3,,
4065,1263,28,4,,
4066,1264,28,2,,
4067,1264,28,3,,
4068,1264,28,4,,
4069,1265,28,2,,
4070,1265,28,3,,
4071,1265,28,4,,
4072,1266,28,2,,
4073,1266,28,3,,
4074,1266,28,4,,
4075,1267,28,2,,
4076,1267,28,3,,
4077,1267,28,4,,
4078,1268,28,2,,
4079,1268,28,3,,
4080,1268,28,4,,
4081,1269,28,2,,
4082,1269,28,3,,
4083,1269,28,4,,
4084,1270,28,2,,
4085,1270,28,3,,
4086,1270,28,4,,
4087,1271,28,2,,
4088,1271,28,3,,
4089,1271,28,4,,
4090,1272,28,2,,
4091,1272,28,3,,
4092,1272,28,4,,
4093,1273,28,2,,
4094,1273,28,3,,
4095,1273,28,4,,
4096,1274,28,2,,
4097,1274,28,3,,
4098,1274,28,4,,
4099,1275,28,2,,
4100,1275,28,3,,
4101,1275,28,4,,
4102,1276,28,2,,
4103,1276,28,3,,
4104,1276,28,4,,
4105,1277,28,2,,
4106,1277,28,3,,
4107,1277,28,4,,
4108,1278,28,2,,
4109,1278,28,3,,
4110,1278,28,4,,
4111,1279,28,2,,
4112,1279,28,3,,
4113,1279,28,4,,
4114,1280,28,2,,
4115,1280,28,3,,
4116,1280,28,4,,
4117,1281,28,2,,
4118,1281,28,3,,
4119,1281,28,4,,
4120,1282,28,2,,
4121,1282,28,3,,
4122,1282,28,4,,
4123,1283,28,2,,
4124,1283,28,3,,
4125,1283,28,4,,
4126,1284,28,2,,
4127,1284,28,3,,
4128,1284,28,4,,
4129,1285,28,2,,
4130,1285,28,3,,
4131,1285,28,4,,
4132,1286,28,2,,
4133,1286,28,3,,
4134,1286,28,4,,
4135,1287,28,2,,
4136,1287,28,3,,
4137,1287,28,4,,
4138,1288,28,2,,
4139,1288,28,3,,
4140,1288,28,4,,
4141,1289,28,2,,
4142,1289,28,3,,
4143,1289,28,4,,
4144,1290,28,2,,
4145,1290,28,3,,
4146,1290,28,4,,
4147,1291,28,2,,
4148,1291,28,3,,
4149,1291,28,4,,
4150,1292,28,2,,
4151,1292,28,3,,
4152,1292,28,4,,
4153,1293,28,2,,
4154,1293,28,3,,
4155,1293,28,4,,
4156,1294,28,2,,
4157,1294,28,3,,
4158,1294,28,4,,
4159,1295,28,2,,
4160,1295,28,3,,
4161,1295,28,4,,
4162,1296,28,2,,
4163,1296,28,3,,
4164,1296,28,4,,
4165,1297,28,2,,
4166,1297,28,3,,
4167,1297,28,4,,
4168,1298,28,2,,
4169,1298,28,3,,
4170,1298,28,4,,
4171,1299,28,2,,
4172,1299,28,3,,
4173,1299,28,4,,
4174,1300,28,2,,
4175,1300,28,3,,
4176,1300,28,4,,
4177,1301,28,2,,
4178,1301,28,3,,
4179,1301,28,4,,
4180,1302,28,2,,
4181,1302,28,3,,
4182,1302,28,4,,
4183,1303,28,2,,
4184,1303,28,3,,
4185,1303,28,4,,
4186,1304,28,2,,
4187,1304,28,3,,
4188,1304,28,4,,
4189,1305,28,2,,
4190,1305,28,3,,
4191,1305,28,4,,
4192,1306,28,2,,
4193,1306,28,3,,
4194,1306,28,4,,
4195,1307,28,2,,
4196,1307,28,3,,
4197,1307,28,4,,
4198,1308,28,2,,
4199,1308,28,3,,
4200,1308,28,4,,
4201,1309,28,2,,
4202,1309,28,3,,
4203,1309,28,4,,
4204,1310,28,2,,
4205,1310,28,3,,
4206,1310,28,4,,
4207,1311,28,2,,
4208,1311,28,3,,
4209,1311,28,4,,
4210,1312,28,2,,
4211,1312,28,3,,
4212,1312,28,4,,
4213,1313,28,2,,
4214,1313,28,3,,
4215,1313,28,4,,
4216,1314,28,2,,
4217,1314,28,3,,
4218,1314,28,4,,
4219,1315,28,2,,
4220,1315,28,3,,
4221,1315,28,4,,
4222,1316,28,2,,
4223,1316,28,3,,
4224,1316,28,4,,
4225,1317,28,2,,
4226,1317,28,3,,
4227,1317,28,4,,
4228,1318,28,2,,
4229,1318,28,3,,
4230,1318,28,4,,
4231,1319,28,2,,
4232,1319,28,3,,
4233,1319,28,4,,
4234,1320,28,2,,
4235,1320,28,3,,
4236,1320,28,4,,
4237,1321,28,2,,
4238,1321,28,3,,
4239,1321,28,4,,
4240,1322,28,2,,
4241,1322,28,3,,
4242,1322,28,4,,
4243,1323,28,2,,
4244,1323,28,3,,
4245,1323,28,4,,
4246,1324,28,2,,
4247,1324,28,3,,
4248,1324,28,4,,
4249,1325,28,2,,
4250,1325,28,3,,
4251,1325,28,4,,
4252,1326,28,2,,
4253,1326,28,3,,
4254,1326,28,4,,
4255,1327,28,2,,
4256,1327,28,3,,
4257,1327,28,4,,
4258,1328,28,2,,
4259,1328,28,3,,
4260,1328,28,4,,
4261,1329,28,2,,
4262,1329,28,3,,
4263,1329,28,4,,
4264,1330,28,2,,
4265,1330,28,3,,
4266,1330,28,4,,
4267,1331,28,2,,
4268,1331,28,3,,
4269,1331,28,4,,
4270,1332,28,2,,
4271,1332,28,3,,
4272,1332,28,4,,
4273,1333,28,2,,
4274,1333,28,3,,
4275,1333,28,4,,
4276,1334,199,2,,
4277,1334,199,3,,
4278,1334,120,4,,
4279,1335,199,2,,
4280,1335,199,3,,
4281,1335,120,4,,
4282,1336,199,2,,
4283,1336,199,3,,
4284,1336,120,4,,
4285,1337,199,2,,
4286,1337,199,3,,
4287,1337,120,4,,
4288,1338,199,2,,
4289,1338,199,3,,
4290,1338,120,4,,
4291,1339,199,2,,
4292,1339,199,3,,
4293,1339,120,4,,
4294,1340,199,2,,
4295,1340,199,3,,
4296,1340,120,4,,
4297,1341,199,2,,
4298,1341,199,3,,
4299,1341,120,4,,
4300,1342,199,2,,
4301,1342,199,3,,
4302,1342,120,4,,
4303,1343,199,2,,
4304,1343,199,3,,
4305,1343,120,4,,
4306,1344,200,2,,
4307,1344,97,3,,
4308,1344,116,4,,
4309,1344,108,1,,
4310,1345,201,2,,
4311,1345,201,3,,
4312,1345,116,4,,
4313,1345,202,1,,
4314,1346,2,2,,
4315,1346,2,3,,
4316,1346,116,4,,
4317,1346,99,1,,
4318,1347,58,2,,
4319,1347,203,3,,
4320,1347,116,4,,
4321,1347,204,1,,
4322,1348,27,2,,
4323,1348,205,3,,
4324,1348,116,4,,
4325,1348,206,1,,
4326,1349,207,2,,
4327,1349,208,3,,
4328,1349,116,4,,
4329,1349,209,1,,
4330,1350,210,2,,
4331,1350,211,3,,
4332,1350,116,4,,
4333,1350,212,1,,
4334,1351,213,2,,
4335,1351,214,3,,
4336,1351,116,4,,
4337,1351,215,1,,
4338,1352,97,2,,
4339,1352,97,3,,
4340,1352,116,4,,
4341,1352,216,1,,
4342,1353,217,2,,
4343,1353,217,3,,
4344,1353,116,4,,
4345,1353,217,1,,
4346,1354,218,2,,
4347,1354,218,3,,
4348,1354,116,4,,
4349,1354,219,1,,
4350,1355,220,2,,
4351,1355,220,3,,
4352,1355,116,4,,
4353,1355,220,1,,
4354,1356,221,2,,
4355,1356,221,3,,
4356,1356,116,4,,
4357,1356,221,1,,
4358,1357,222,2,,
4359,1357,222,3,,
4360,1357,116,4,,
4361,1357,222,1,,
4362,1358,223,2,,
4363,1358,223,3,,
4364,1358,116,4,,
4365,1358,224,1,,
4366,1359,225,2,,
4367,1359,226,3,,
4368,1359,116,4,,
4369,1359,227,1,,
4370,1360,228,2,,
4371,1360,228,3,,
4372,1360,116,4,,
4373,1360,228,1,,
4374,1361,222,2,,
4375,1361,222,3,,
4376,1361,116,4,,
4377,1361,222,1,,
4378,1362,140,2,,
4379,1362,229,3,,
4380,1362,116,4,,
4381,1362,229,1,,
4382,1363,222,2,,
4383,1363,222,3,,
4384,1363,116,4,,
4385,1363,230,1,,
4386,1364,231,2,,
4387,1364,116,3,,
4388,1364,116,4,,
4389,1364,232,1,,
4390,1365,222,2,,
4391,1365,222,3,,
4392,1365,116,4,,
4393,1365,233,1,,
4394,1366,234,2,,
4395,1366,234,3,,
4396,1366,116,4,,
4397,1366,234,1,,
4398,1367,222,2,,
4399,1367,222,3,,
4400,1367,116,4,,
4401,1367,235,1,,
4402,1368,236,2,,
4403,1368,236,3,,
4404,1368,116,4,,
4405,1368,237,1,,
4406,1369,222,2,,
4407,1369,222,3,,
4408,1369,116,4,,
4409,1369,238,1,,
4410,1370,116,2,,
4411,1370,116,3,,
4412,1370,239,4,,
4413,1370,240,1,,
4414,1371,60,2,,
4415,1371,60,3,,
4416,1371,116,4,,
4417,1371,60,1,,
4418,1372,218,2,,
4419,1372,218,3,,
4420,1372,116,4,,
4421,1372,241,1,,
4422,1373,242,2,,
4423,1373,141,3,,
4424,1373,116,4,,
4425,1373,243,1,,
4426,1374,2,2,,
4427,1374,2,3,,
4428,1374,116,4,,
4429,1374,187,1,,
4430,1375,221,2,,
4431,1375,221,3,,
4432,1375,116,4,,
4433,1375,221,1,,
4434,1376,244,2,,
4435,1376,38,3,,
4436,1376,116,4,,
4437,1376,245,1,,
4438,1377,246,2,,
4439,1377,247,3,,
4440,1377,116,4,,
4441,1377,237,1,,
4442,1378,37,2,,
4443,1378,97,3,,
4444,1378,116,4,,
4445,1378,248,1,,
4446,1379,140,2,,
4447,1379,229,3,,
4448,1379,116,4,,
4449,1379,229,1,,
4450,1380,249,2,,
4451,1380,249,3,,
4452,1380,116,4,,
4453,1380,249,1,,
4454,1381,81,2,,
4455,1381,217,3,,
4456,1381,116,4,,
4457,1381,217,1,,
4458,1382,97,2,,
4459,1382,97,3,,
4460,1382,116,4,,
4461,1382,97,1,,
4462,1383,228,2,,
4463,1383,228,3,,
4464,1383,250,4,,
4465,1383,228,1,,
4466,1384,251,2,,
4467,1384,220,3,,
4468,1384,116,4,,
4469,1384,220,1,,
4470,1385,222,2,,
4471,1385,222,3,,
4472,1385,116,4,,
4473,1385,230,1,,
4474,1386,222,2,,
4475,1386,222,3,,
4476,1386,116,4,,
4477,1386,222,1,,
4478,1387,252,2,,
4479,1387,253,3,,
4480,1387,116,4,,
4481,1387,254,1,,
4482,1388,125,2,,
4483,1388,255,3,,
4484,1388,116,4,,
4485,1388,256,1,,
4486,1389,2,2,,
4487,1389,2,3,,
4488,1389,116,4,,
4489,1389,99,1,,
4490,1390,257,2,,
4491,1390,116,3,,
4492,1390,116,4,,
4493,1390,258,1,,
4494,1391,259,2,,
4495,1391,259,3,,
4496,1391,116,4,,
4497,1391,259,1,,
4498,1392,236,2,,
4499,1392,236,3,,
4500,1392,116,4,,
4501,1392,237,1,,
4502,1393,37,2,,
4503,1393,143,3,,
4504,1393,116,4,,
4505,1393,260,1,,
4506,1394,261,2,,
4507,1394,261,3,,
4508,1394,116,4,,
4509,1394,261,1,,
4510,1395,81,2,,
4511,1395,262,3,,
4512,1395,116,4,,
4513,1395,263,1,,
4514,1396,242,2,,
4515,1396,141,3,,
4516,1396,116,4,,
4517,1396,264,1,,
4518,1397,265,2,,
4519,1397,208,3,,
4520,1397,116,4,,
4521,1397,209,1,,
4522,1398,236,2,,
4523,1398,236,3,,
4524,1398,266,4,,
4525,1398,236,1,,
4526,1399,222,2,,
4527,1399,222,3,,
4528,1399,116,4,,
4529,1399,222,1,,
4530,1400,228,2,,
4531,1400,228,3,,
4532,1400,250,4,,
4533,1400,228,1,,
4534,1401,267,2,,
4535,1401,268,3,,
4536,1401,116,4,,
4537,1401,269,1,,
4538,1402,270,2,,
4539,1402,220,3,,
4540,1402,116,4,,
4541,1402,220,1,,
4542,1403,222,2,,
4543,1403,222,3,,
4544,1403,116,4,,
4545,1403,222,1,,
4546,1404,116,2,,
4547,1404,116,3,,
4548,1404,65,4,,
4549,1404,271,1,,
4550,1405,125,2,,
4551,1405,97,3,,
4552,1405,116,4,,
4553,1405,272,1,,
4554,1406,273,2,,
4555,1406,274,3,,
4556,1406,116,4,,
4557,1406,275,1,,
4558,1407,218,2,,
4559,1407,218,3,,
4560,1407,116,4,,
4561,1407,276,7,,
4562,1407,241,1,,
4563,1408,277,2,,
4564,1408,277,3,,
4565,1408,116,4,,
4566,1408,277,1,,
4567,1409,37,2,,
4568,1409,116,3,,
4569,1409,278,4,,
4570,1409,279,1,,
4571,1410,236,2,,
4572,1410,236,3,,
4573,1410,116,4,,
4574,1410,237,1,,
4575,1411,280,2,,
4576,1411,280,3,,
4577,1411,116,4,,
4578,1411,224,1,,
4579,1412,81,2,,
4580,1412,228,3,,
4581,1412,116,4,,
4582,1412,228,1,,
4583,1413,229,2,,
4584,1413,229,3,,
4585,1413,116,4,,
4586,1413,229,1,,
4587,1414,281,2,,
4588,1414,281,3,,
4589,1414,116,4,,
4590,1414,281,1,,
4591,1415,81,2,,
4592,1415,217,3,,
4593,1415,116,4,,
4594,1415,217,1,,
4595,1416,282,2,,
4596,1416,283,3,,
4597,1416,116,4,,
4598,1416,284,1,,
4599,1417,285,2,,
4600,1417,286,3,,
4601,1417,116,4,,
4602,1417,286,1,,
4603,1418,287,2,,
4604,1418,220,3,,
4605,1418,116,4,,
4606,1418,220,1,,
4607,1419,288,2,,
4608,1419,288,3,,
4609,1419,116,4,,
4610,1419,288,1,,
4611,1420,222,2,,
4612,1420,222,3,,
4613,1420,116,4,,
4614,1420,222,1,,
4615,1421,259,2,,
4616,1421,259,3,,
4617,1421,289,4,,
4618,1422,259,2,,
4619,1422,259,3,,
4620,1422,289,4,,
4621,1423,259,2,,
4622,1423,259,3,,
4623,1423,290,4,,
4624,1424,259,2,,
4625,1424,259,3,,
4626,1424,289,4,,
4627,1425,259,3,,
4628,1425,290,4,,
4629,1426,259,2,,
4630,1426,259,3,,
4631,1426,289,4,,
4632,1427,259,2,,
4633,1427,259,3,,
4634,1427,289,4,,
4635,1428,259,3,,
4636,1428,291,4,,
4637,1429,259,2,,
4638,1429,259,3,,
4639,1429,290,4,,
4640,1430,259,3,,
4641,1430,290,4,,
4642,1431,259,2,,
4643,1431,259,3,,
4644,1431,289,4,,
4645,1432,259,2,,
4646,1432,259,3,,
4647,1432,289,4,,
4648,1433,259,2,,
4649,1433,259,3,,
4650,1433,289,4,,
4651,1434,259,2,,
4652,1434,259,3,,
4653,1434,292,4,,
4654,1435,259,2,,
4655,1435,259,3,,
4656,1435,289,4,,
4657,1436,259,2,,
4658,1436,259,3,,
4659,1436,289,4,,
4660,1437,259,2,,
4661,1437,259,3,,
4662,1437,290,4,,
4663,1438,259,2,,
4664,1438,259,3,,
4665,1438,290,4,,
4666,1439,259,2,,
4667,1439,259,3,,
4668,1439,290,4,,
4669,1440,259,2,,
4670,1440,259,3,,
4671,1440,289,4,,
4672,1441,259,2,,
4673,1441,259,3,,
4674,1441,293,4,,
4675,1442,259,2,,
4676,1442,259,3,,
4677,1442,293,4,,
4678,1443,259,2,,
4679,1443,259,3,,
4680,1443,289,4,,
4681,1444,259,2,,
4682,1444,259,3,,
4683,1444,289,4,,
4684,1445,259,2,,
4685,1445,259,3,,
4686,1445,289,4,,
4687,1446,259,2,,
4688,1446,289,3,,
4689,1446,294,4,,
4690,1447,259,2,,
4691,1447,259,3,,
4692,1447,150,4,,
4693,1448,259,2,,
4694,1448,259,3,,
4695,1448,292,4,,
4696,1449,295,2,,
4697,1449,296,2,,
4698,1449,297,2,,
4699,1449,295,3,,
4700,1449,296,3,,
4701,1449,298,3,,
4702,1449,299,4,,
4703,1450,259,2,,
4704,1450,259,3,,
4705,1450,300,4,,
4706,1451,259,2,,
4707,1451,259,3,,
4708,1451,301,4,,
4709,1452,302,2,,
4710,1452,259,3,,
4711,1452,303,4,,
4712,1453,259,2,,
4713,1453,259,3,,
4714,1453,301,4,,
4715,1454,259,2,,
4716,1454,259,3,,
4717,1454,301,4,,
4718,1455,259,2,,
4719,1455,259,3,,
4720,1455,301,4,,
4721,1456,259,2,,
4722,1456,259,3,,
4723,1456,301,4,,
4724,1456,293,5,,
4725,1457,188,2,,
4726,1457,188,3,,
4727,1457,121,4,,
4728,1458,188,2,,
4729,1458,188,3,,
4730,1458,304,4,,
4731,1459,188,2,,
4732,1459,188,3,,
4733,1459,116,4,,
4734,1460,188,2,,
4735,1460,188,3,,
4736,1460,122,4,,
4737,1461,188,2,,
4738,1461,188,3,,
4739,1461,304,4,,
4740,1462,125,2,,
4741,1462,188,3,,
4742,1462,122,4,,
4743,1463,188,2,,
4744,1463,188,3,,
4745,1463,121,4,,
4746,1464,188,2,,
4747,1464,188,3,,
4748,1464,121,4,,
4749,1465,305,2,,
4750,1465,188,3,,
4751,1465,121,4,,
4752,1466,188,2,,
4753,1466,188,3,,
4754,1466,121,4,,
4755,1467,188,2,,
4756,1467,188,3,,
4757,1467,121,4,,
4758,1468,222,2,,
4759,1468,222,3,,
4760,1468,306,4,,
4761,1468,307,4,,
4762,1469,222,2,,
4763,1469,222,3,,
4764,1469,306,4,,
4765,1469,307,4,,
4766,1470,222,2,,
4767,1470,222,3,,
4768,1470,306,4,,
4769,1470,307,4,,
4770,1471,222,2,,
4771,1471,222,3,,
4772,1471,306,4,,
4773,1471,307,4,,
4774,1472,222,2,,
4775,1472,222,3,,
4776,1472,306,4,,
4777,1472,307,4,,
4778,1473,222,2,,
4779,1473,222,3,,
4780,1473,306,4,,
4781,1473,307,4,,
4782,1474,222,2,,
4783,1474,222,3,,
4784,1474,306,4,,
4785,1474,307,4,,
4786,1475,222,2,,
4787,1475,222,3,,
4788,1475,306,4,,
4789,1475,307,4,,
4790,1476,222,2,,
4791,1476,222,3,,
4792,1476,306,4,,
4793,1476,307,4,,
4794,1477,222,2,,
4795,1477,222,3,,
4796,1477,306,4,,
4797,1477,307,4,,
4798,1478,222,2,,
4799,1478,222,3,,
4800,1478,306,4,,
4801,1478,307,4,,
4802,1479,222,2,,
4803,1479,222,3,,
4804,1479,306,4,,
4805,1479,307,4,,
4806,1480,222,2,,
4807,1480,222,3,,
4808,1480,308,4,,
4809,1481,222,2,,
4810,1481,222,3,,
4811,1481,308,4,,
4812,1482,222,2,,
4813,1482,222,3,,
4814,1482,308,4,,
4815,1483,222,2,,
4816,1483,222,3,,
4817,1483,308,4,,
4818,1484,222,2,,
4819,1484,222,3,,
4820,1484,308,4,,
4821,1485,222,2,,
4822,1485,222,3,,
4823,1485,308,4,,
4824,1486,222,2,,
4825,1486,222,3,,
4826,1486,308,4,,
4827,1487,222,2,,
4828,1487,222,3,,
4829,1487,308,4,,
4830,1488,222,2,,
4831,1488,222,3,,
4832,1488,308,4,,
4833,1489,222,2,,
4834,1489,222,3,,
4835,1489,308,4,,
4836,1490,222,2,,
4837,1490,222,3,,
4838,1490,308,4,,
4839,1491,222,2,,
4840,1491,222,3,,
4841,1491,306,4,,
4842,1492,222,2,,
4843,1492,222,3,,
4844,1492,309,4,,
4845,1493,222,2,,
4846,1493,222,3,,
4847,1493,310,4,,
4848,1494,222,2,,
4849,1494,222,3,,
4850,1494,311,4,,
4851,1495,222,2,,
4852,1495,222,3,,
4853,1495,310,4,,
4854,1496,222,2,,
4855,1496,222,3,,
4856,1496,310,4,,
4857,1497,222,2,,
4858,1497,222,3,,
4859,1497,311,4,,
4860,1498,222,2,,
4861,1498,222,3,,
4862,1498,309,4,,
4863,1499,222,2,,
4864,1499,222,3,,
4865,1499,310,4,,
4866,1500,222,2,,
4867,1500,222,3,,
4868,1500,310,4,,
4869,1501,222,2,,
4870,1501,222,3,,
4871,1501,309,4,,
4872,1502,222,2,,
4873,1502,222,3,,
4874,1502,309,4,,
4875,1503,222,2,,
4876,1503,222,3,,
4877,1503,312,4,,
4878,1504,222,2,,
4879,1504,222,3,,
4880,1504,309,4,,
4881,1505,222,2,,
4882,1505,222,3,,
4883,1505,309,4,,
4884,1506,222,2,,
4885,1506,222,3,,
4886,1506,222,4,,
4887,1507,222,2,,
4888,1507,222,3,,
4889,1507,309,4,,
4890,1508,222,2,,
4891,1508,222,3,,
4892,1508,222,4,,
4893,1509,222,2,,
4894,1509,222,3,,
4895,1509,312,4,,
4896,1510,222,2,,
4897,1510,222,3,,
4898,1510,114,4,,
4899,1511,222,2,,
4900,1511,222,3,,
4901,1511,311,4,,
4902,1512,222,2,,
4903,1512,222,3,,
4904,1512,114,4,,
4905,1513,222,2,,
4906,1513,222,3,,
4907,1513,114,4,,
4908,1514,222,2,,
4909,1514,222,3,,
4910,1514,311,4,,
4911,1515,222,2,,
4912,1515,222,3,,
4913,1515,311,4,,
4914,1516,222,2,,
4915,1516,222,3,,
4916,1516,311,4,,
4917,1517,222,2,,
4918,1517,222,3,,
4919,1517,114,4,,
4920,1518,222,2,,
4921,1518,222,3,,
4922,1518,114,4,,
4923,1519,222,2,,
4924,1519,222,3,,
4925,1519,311,4,,
4926,1520,222,2,,
4927,1520,222,3,,
4928,1520,313,4,,
4929,1521,222,2,,
4930,1521,222,3,,
4931,1521,311,4,,
4932,1522,222,2,,
4933,1522,222,3,,
4934,1522,304,4,,
4935,1523,222,2,,
4936,1523,222,3,,
4937,1523,304,4,,
4938,1524,222,2,,
4939,1524,222,3,,
4940,1524,313,4,,
4941,1525,222,2,,
4942,1525,222,3,,
4943,1525,304,4,,
4944,1526,213,2,,
4945,1526,222,3,,
4946,1526,314,4,,
4947,1527,222,2,,
4948,1527,222,3,,
4949,1527,314,4,,
4950,1528,222,2,,
4951,1528,222,3,,
4952,1528,313,4,,
4953,1529,222,2,,
4954,1529,222,3,,
4955,1529,311,4,,
4956,1530,222,2,,
4957,1530,222,3,,
4958,1530,313,4,,
4959,1531,222,2,,
4960,1531,222,3,,
4961,1531,313,4,,
4962,1532,222,2,,
4963,1532,222,3,,
4964,1532,313,4,,
4965,1533,222,2,,
4966,1533,222,3,,
4967,1533,315,4,,
4968,1534,222,2,,
4969,1534,222,3,,
4970,1534,313,4,,
4971,1535,313,3,,
4972,1535,313,4,,
4973,1536,222,2,,
4974,1536,222,3,,
4975,1536,313,4,,
4976,1537,222,2,,
4977,1537,222,3,,
4978,1537,315,4,,
4979,1538,222,2,,
4980,1538,222,3,,
4981,1538,316,4,,
4982,1539,222,2,,
4983,1539,222,3,,
4984,1539,317,4,,
4985,1540,222,2,,
4986,1540,222,3,,
4987,1540,120,4,,
4988,1541,222,2,,
4989,1541,222,3,,
4990,1541,318,4,,
4991,1542,222,2,,
4992,1542,222,3,,
4993,1542,318,4,,
4994,1543,222,2,,
4995,1543,222,3,,
4996,1543,318,4,,
4997,1544,222,2,,
4998,1544,222,3,,
4999,1544,120,4,,
5000,1545,222,2,,
5001,1545,222,3,,
5002,1545,316,4,,
5003,1546,222,2,,
5004,1546,222,3,,
5005,1546,120,4,,
5006,1547,222,2,,
5007,1547,222,3,,
5008,1547,313,4,,
5009,1548,222,2,,
5010,1548,222,3,,
5011,1548,313,4,,
5012,1549,222,2,,
5013,1549,222,3,,
5014,1549,65,4,,
5015,1550,222,2,,
5016,1550,222,3,,
5017,1550,65,4,,
5018,1551,222,2,,
5019,1551,222,3,,
5020,1551,120,4,,
5021,1552,222,2,,
5022,1552,222,3,,
5023,1552,65,4,,
5024,1553,222,2,,
5025,1553,222,3,,
5026,1553,65,4,,
5027,1554,222,2,,
5028,1554,222,3,,
5029,1554,65,4,,
5030,1555,222,2,,
5031,1555,222,3,,
5032,1555,65,4,,
5033,1556,222,2,,
5034,1556,222,3,,
5035,1556,222,4,,
5036,1557,222,2,,
5037,1557,222,3,,
5038,1557,222,4,,
5039,1558,222,2,,
5040,1558,222,3,,
5041,1558,222,4,,
5042,1559,222,2,,
5043,1559,222,3,,
5044,1559,222,4,,
5045,1560,222,2,,
5046,1560,222,3,,
5047,1560,319,4,,
5048,1561,222,2,,
5049,1561,222,3,,
5050,1561,319,4,,
5051,1562,222,2,,
5052,1562,222,3,,
5053,1562,319,4,,
5054,1563,222,2,,
5055,1563,222,3,,
5056,1563,319,4,,
5057,1564,222,2,,
5058,1564,222,3,,
5059,1564,319,4,,
5060,1565,222,2,,
5061,1565,222,3,,
5062,1565,320,4,,
5063,1566,222,2,,
5064,1566,222,3,,
5065,1566,320,4,,
5066,1567,222,2,,
5067,1567,222,3,,
5068,1567,321,4,,
5069,1568,222,2,,
5070,1568,222,3,,
5071,1568,321,4,,
5072,1569,222,2,,
5073,1569,222,3,,
5074,1569,320,4,,
5075,1570,222,2,,
5076,1570,222,3,,
5077,1570,321,4,,
5078,1571,222,2,,
5079,1571,222,3,,
5080,1571,321,4,,
5081,1572,222,2,,
5082,1572,222,3,,
5083,1572,321,4,,
5084,1573,222,2,,
5085,1573,222,3,,
5086,1573,320,4,,
5087,1574,222,2,,
5088,1574,222,3,,
5089,1574,321,4,,
5090,1575,222,2,,
5091,1575,222,3,,
5092,1575,322,4,,
5093,1576,222,2,,
5094,1576,222,3,,
5095,1576,323,4,,
5096,1577,222,2,,
5097,1577,222,3,,
5098,1577,323,4,,
5099,1578,222,2,,
5100,1578,222,3,,
5101,1578,324,4,,
5102,1579,222,2,,
5103,1579,222,3,,
5104,1579,323,4,,
5105,1580,222,2,,
5106,1580,222,3,,
5107,1580,322,4,,
5108,1581,222,2,,
5109,1581,222,3,,
5110,1581,324,4,,
5111,1582,222,2,,
5112,1582,38,3,,
5113,1582,313,4,,
5114,1583,222,2,,
5115,1583,222,3,,
5116,1583,325,4,,
5117,1584,222,2,,
5118,1584,222,3,,
5119,1584,313,4,,
5120,1585,222,2,,
5121,1585,222,3,,
5122,1585,313,4,,
5123,1586,222,2,,
5124,1586,222,3,,
5125,1586,322,4,,
5126,1587,222,2,,
5127,1587,222,3,,
5128,1587,313,4,,
5129,1588,222,2,,
5130,1588,222,3,,
5131,1588,313,4,,
5132,1589,222,2,,
5133,1589,222,3,,
5134,1589,321,4,,
5135,1590,222,2,,
5136,1590,222,3,,
5137,1590,322,4,,
5138,1591,222,2,,
5139,1591,222,3,,
5140,1591,313,4,,
5141,1592,222,2,,
5142,1592,222,3,,
5143,1592,313,4,,
5144,1593,222,2,,
5145,1593,222,3,,
5146,1593,321,4,,
5147,1594,222,2,,
5148,1594,222,3,,
5149,1594,313,4,,
5150,1595,222,2,,
5151,1595,222,3,,
5152,1595,326,4,,
5153,1596,222,2,,
5154,1596,222,3,,
5155,1596,327,4,,
5156,1597,222,2,,
5157,1597,222,3,,
5158,1597,327,4,,
5159,1598,222,2,,
5160,1598,222,3,,
5161,1599,222,2,,
5162,1599,222,3,,
5163,1599,328,4,,
5164,1600,222,2,,
5165,1600,222,3,,
5166,1600,327,4,,
5167,1601,222,2,,
5168,1601,222,3,,
5169,1601,318,4,,
5170,1602,222,2,,
5171,1602,222,3,,
5172,1602,326,4,,
5173,1603,222,2,,
5174,1603,222,3,,
5175,1603,327,4,,
5176,1604,222,2,,
5177,1604,222,3,,
5178,1604,327,4,,
5179,1605,222,2,,
5180,1605,222,3,,
5181,1605,327,4,,
5182,1606,222,2,,
5183,1606,222,3,,
5184,1606,327,4,,
5185,1607,222,2,,
5186,1607,222,3,,
5187,1607,327,4,,
5188,1608,222,2,,
5189,1608,222,3,,
5190,1608,327,4,,
5191,1609,222,2,,
5192,1609,222,3,,
5193,1609,327,4,,
5194,1610,222,2,,
5195,1610,222,3,,
5196,1610,327,4,,
5197,1611,222,2,,
5198,1611,222,3,,
5199,1611,327,4,,
5200,1612,222,2,,
5201,1612,222,3,,
5202,1612,327,4,,
5203,1613,222,2,,
5204,1613,222,3,,
5205,1613,327,4,,
5206,1614,222,2,,
5207,1614,222,3,,
5208,1614,327,4,,
5209,1615,222,2,,
5210,1615,222,3,,
5211,1615,327,4,,
5212,1616,222,2,,
5213,1616,222,3,,
5214,1616,327,4,,
5215,1617,222,2,,
5216,1617,222,3,,
5217,1617,328,4,,
5218,1618,222,2,,
5219,1618,222,3,,
5220,1618,328,4,,
5221,1619,222,2,,
5222,1619,222,3,,
5223,1619,318,4,,
5224,1620,222,2,,
5225,1620,222,3,,
5226,1620,318,4,,
5227,1621,222,2,,
5228,1621,222,3,,
5229,1621,313,4,,
5230,1622,222,2,,
5231,1622,222,3,,
5232,1622,313,4,,
5233,1623,222,2,,
5234,1623,222,3,,
5235,1623,321,4,,
5236,1624,222,2,,
5237,1624,222,3,,
5238,1624,313,4,,
5239,1625,222,2,,
5240,1625,222,3,,
5241,1625,313,4,,
5242,1626,222,2,,
5243,1626,222,3,,
5244,1626,313,4,,
5245,1627,222,2,,
5246,1627,222,3,,
5247,1627,328,4,,
5248,1628,222,2,,
5249,1628,222,3,,
5250,1628,328,4,,
5251,1629,222,2,,
5252,1629,222,3,,
5253,1629,329,4,,
5254,1630,222,2,,
5255,1630,222,3,,
5256,1630,329,4,,
5257,1631,222,2,,
5258,1631,222,3,,
5259,1631,328,4,,
5260,1632,222,2,,
5261,1632,222,3,,
5262,1632,328,4,,
5263,1633,222,2,,
5264,1633,222,3,,
5265,1633,328,4,,
5266,1634,222,2,,
5267,1634,222,3,,
5268,1634,329,4,,
5269,1635,222,2,,
5270,1635,222,3,,
5271,1635,328,4,,
5272,1636,222,2,,
5273,1636,222,3,,
5274,1636,328,4,,
5275,1637,222,2,,
5276,1637,222,3,,
5277,1637,316,4,,
5278,1638,222,2,,
5279,1638,222,3,,
5280,1638,317,4,,
5281,1639,222,2,,
5282,1639,222,3,,
5283,1639,318,4,,
5284,1640,222,2,,
5285,1640,222,3,,
5286,1640,114,4,,
5287,1641,222,2,,
5288,1641,222,3,,
5289,1641,309,4,,
5290,1641,65,4,,
5291,1642,222,2,,
5292,1642,222,3,,
5293,1642,313,4,,
5294,1643,222,2,,
5295,1643,222,3,,
5296,1643,314,4,,
5297,1644,222,2,,
5298,1644,222,3,,
5299,1644,314,4,,
5300,1645,222,2,,
5301,1645,222,3,,
5302,1645,330,4,,
5303,1646,222,2,,
5304,1646,222,3,,
5305,1646,330,4,,
5306,1647,222,2,,
5307,1647,222,3,,
5308,1647,312,4,,
5309,1648,222,2,,
5310,1648,222,3,,
5311,1648,311,4,,
5312,1649,222,2,,
5313,1649,222,3,,
5314,1649,318,4,,
5315,1650,222,2,,
5316,1650,222,3,,
5317,1650,306,4,,
5318,1651,222,2,,
5319,1651,222,3,,
5320,1651,306,4,,
5321,1652,222,2,,
5322,1652,222,3,,
5323,1652,306,4,,
5324,1653,222,2,,
5325,1653,222,3,,
5326,1653,328,4,,
5327,1654,222,2,,
5328,1654,222,3,,
5329,1654,328,4,,
5330,1655,222,2,,
5331,1655,222,3,,
5332,1655,328,4,,
5333,1656,222,2,,
5334,1656,222,3,,
5335,1656,328,4,,
5336,1657,222,2,,
5337,1657,327,3,,
5338,1657,327,4,,
5339,1658,222,2,,
5340,1658,222,3,,
5341,1658,327,4,,
5342,1659,222,2,,
5343,1659,222,3,,
5344,1659,327,4,,
5345,1660,222,2,,
5346,1660,222,3,,
5347,1660,326,4,,
5348,1661,222,2,,
5349,1661,222,3,,
5350,1661,327,4,,
5351,1662,222,2,,
5352,1662,222,3,,
5353,1662,327,4,,
5354,1663,222,2,,
5355,1663,331,3,,
5356,1663,327,4,,
5357,1664,222,2,,
5358,1664,222,3,,
5359,1664,326,4,,
5360,1665,222,2,,
5361,1665,222,3,,
5362,1665,327,4,,
5363,1666,222,2,,
5364,1666,222,3,,
5365,1666,116,4,,
5366,1667,222,2,,
5367,1667,222,3,,
5368,1667,116,4,,
5369,1668,222,2,,
5370,1668,222,3,,
5371,1668,116,4,,
5372,1669,222,2,,
5373,1669,222,3,,
5374,1669,116,4,,
5375,1670,222,2,,
5376,1670,222,3,,
5377,1670,116,4,,
5378,1671,222,2,,
5379,1671,222,3,,
5380,1671,116,4,,
5381,1672,222,2,,
5382,1672,222,3,,
5383,1672,116,4,,
5384,1673,222,2,,
5385,1673,222,3,,
5386,1673,116,4,,
5387,1674,222,2,,
5388,1674,222,3,,
5389,1674,116,4,,
5390,1675,222,2,,
5391,1675,313,3,,
5392,1675,116,4,,
5393,1676,222,2,,
5394,1676,38,3,,
5395,1676,116,4,,
5396,1677,222,2,,
5397,1677,222,3,,
5398,1677,116,4,,
5399,1678,222,2,,
5400,1678,313,3,,
5401,1678,116,4,,
5402,1679,222,2,,
5403,1679,222,3,,
5404,1679,116,4,,
5405,1680,222,2,,
5406,1680,222,3,,
5407,1680,116,4,,
5408,1681,222,2,,
5409,1681,222,3,,
5410,1681,116,4,,
5411,1682,222,2,,
5412,1682,222,3,,
5413,1682,116,4,,
5414,1683,222,2,,
5415,1683,222,3,,
5416,1683,116,4,,
5417,1684,222,2,,
5418,1684,222,3,,
5419,1684,116,4,,
5420,1685,222,2,,
5421,1685,222,3,,
5422,1685,116,4,,
5423,1686,222,2,,
5424,1686,222,3,,
5425,1686,116,4,,
5426,1687,222,2,,
5427,1687,222,3,,
5428,1687,116,4,,
5429,1688,222,2,,
5430,1688,222,3,,
5431,1688,116,4,,
5432,1689,222,2,,
5433,1689,222,3,,
5434,1689,116,4,,
5435,1690,222,2,,
5436,1690,222,3,,
5437,1690,116,4,,
5438,1691,222,2,,
5439,1691,222,3,,
5440,1691,116,4,,
5441,1692,222,2,,
5442,1692,222,3,,
5443,1692,116,4,,
5444,1693,222,2,,
5445,1693,222,3,,
5446,1693,116,4,,
5447,1694,222,2,,
5448,1694,222,3,,
5449,1694,116,4,,
5450,1695,222,2,,
5451,1695,222,3,,
5452,1695,116,4,,
5453,1696,222,2,,
5454,1696,222,3,,
5455,1696,116,4,,
5456,1697,222,2,,
5457,1697,222,3,,
5458,1697,116,4,,
5459,1698,222,2,,
5460,1698,222,3,,
5461,1698,116,4,,
5462,1699,222,2,,
5463,1699,222,3,,
5464,1699,116,4,,
5465,1700,222,2,,
5466,1700,222,3,,
5467,1700,116,4,,
5468,1701,222,2,,
5469,1701,222,3,,
5470,1701,116,4,,
5471,1702,222,2,,
5472,1702,222,3,,
5473,1702,116,4,,
5474,1703,222,2,,
5475,1703,222,3,,
5476,1703,116,4,,
5477,1704,222,2,,
5478,1704,222,3,,
5479,1704,116,4,,
5480,1705,222,2,,
5481,1705,222,3,,
5482,1705,116,4,,
5483,1706,222,2,,
5484,1706,222,3,,
5485,1706,116,4,,
5486,1707,222,2,,
5487,1707,222,3,,
5488,1707,306,4,,
5489,1707,307,4,,
5490,1708,222,2,,
5491,1708,222,3,,
5492,1708,116,4,,
5493,1709,222,2,,
5494,1709,222,3,,
5495,1709,116,4,,
5496,1710,222,2,,
5497,1710,222,3,,
5498,1710,116,4,,
5499,1711,222,2,,
5500,1711,313,3,,
5501,1711,116,4,,
5502,1712,222,2,,
5503,1712,222,3,,
5504,1712,311,4,,
5505,1713,222,2,,
5506,1713,222,3,,
5507,1713,327,4,,
5508,1714,222,2,,
5509,1714,222,3,,
5510,1714,328,4,,
5511,1715,222,2,,
5512,1715,222,3,,
5513,1715,116,4,,
5514,1716,222,2,,
5515,1716,222,3,,
5516,1716,116,4,,
5517,1717,222,2,,
5518,1717,222,3,,
5519,1717,116,4,,
5520,1718,222,2,,
5521,1718,222,3,,
5522,1718,65,4,,
5523,1719,222,2,,
5524,1719,222,3,,
5525,1719,312,4,,
5526,1720,222,2,,
5527,1720,222,3,,
5528,1720,116,4,,
5529,1721,222,2,,
5530,1721,222,3,,
5531,1721,116,4,,
5532,1722,222,2,,
5533,1722,222,3,,
5534,1722,116,4,,
5535,1723,222,2,,
5536,1723,222,3,,
5537,1723,116,4,,
5538,1724,222,2,,
5539,1724,222,3,,
5540,1724,116,4,,
5541,1725,222,2,,
5542,1725,222,3,,
5543,1725,116,4,,
5544,1726,222,2,,
5545,1726,222,3,,
5546,1726,116,4,,
5547,1727,222,2,,
5548,1727,222,3,,
5549,1727,116,4,,
5550,1728,222,2,,
5551,1728,222,3,,
5552,1728,116,4,,
5553,1729,222,2,,
5554,1729,222,3,,
5555,1729,116,4,,
5556,1730,222,2,,
5557,1730,222,3,,
5558,1730,116,4,,
5559,1731,222,2,,
5560,1731,222,3,,
5561,1731,116,4,,
5562,1732,38,2,,
5563,1732,222,3,,
5564,1732,116,4,,
5565,1733,222,2,,
5566,1733,222,3,,
5567,1733,116,4,,
5568,1734,222,2,,
5569,1734,222,3,,
5570,1734,321,4,,
5571,1735,222,2,,
5572,1735,222,3,,
5573,1735,116,4,,
5574,1736,222,2,,
5575,1736,222,3,,
5576,1736,116,4,,
5577,1737,222,2,,
5578,1737,222,3,,
5579,1737,116,4,,
5580,1738,222,2,,
5581,1738,222,3,,
5582,1738,321,4,,
5583,1739,222,2,,
5584,1739,222,3,,
5585,1739,116,4,,
5586,1740,332,2,,
5587,1740,222,3,,
5588,1740,321,4,,
5589,1741,222,2,,
5590,1741,313,3,,
5591,1741,116,4,,
5592,1742,222,2,,
5593,1742,222,3,,
5594,1742,116,4,,
5595,1743,222,2,,
5596,1743,222,3,,
5597,1743,116,4,,
5598,1746,222,2,,
5599,1746,222,3,,
5600,1746,116,4,,
5601,1747,222,2,,
5602,1747,222,3,,
5603,1747,116,4,,
5604,1748,222,2,,
5605,1748,222,3,,
5606,1748,116,4,,
5607,1749,222,2,,
5608,1749,38,3,,
5609,1749,116,4,,
5610,1750,222,2,,
5611,1750,222,3,,
5612,1750,116,4,,
5613,1751,222,2,,
5614,1751,222,3,,
5615,1751,116,4,,
5616,1752,222,2,,
5617,1752,222,3,,
5618,1752,116,4,,
5619,1753,222,2,,
5620,1753,222,3,,
5621,1753,116,4,,
5622,1754,222,2,,
5623,1754,222,3,,
5624,1754,116,4,,
5625,1755,222,2,,
5626,1755,222,3,,
5627,1755,116,4,,
5628,1756,222,2,,
5629,1756,222,3,,
5630,1756,116,4,,
5631,1757,222,2,,
5632,1757,222,3,,
5633,1757,116,4,,
5634,1758,222,2,,
5635,1758,222,3,,
5636,1758,116,4,,
5637,1759,222,2,,
5638,1759,222,3,,
5639,1759,116,4,,
5640,1760,222,2,,
5641,1760,222,3,,
5642,1760,116,4,,
5643,1761,222,2,,
5644,1761,222,3,,
5645,1761,116,4,,
5646,1762,222,2,,
5647,1762,331,3,,
5648,1762,327,4,,
5649,1763,222,2,,
5650,1763,222,3,,
5651,1763,327,4,,
5652,1764,222,2,,
5653,1764,222,3,,
5654,1764,327,4,,
5655,1765,222,2,,
5656,1765,222,3,,
5657,1765,327,4,,
5658,1766,222,2,,
5659,1766,222,3,,
5660,1766,116,4,,
5661,1767,222,2,,
5662,1767,222,3,,
5663,1767,319,4,,
5664,1768,222,2,,
5665,1768,222,3,,
5666,1768,116,4,,
5667,1769,222,2,,
5668,1769,222,3,,
5669,1769,116,4,,
5670,1770,222,2,,
5671,1770,222,3,,
5672,1770,116,4,,
5673,1771,222,2,,
5674,1771,222,3,,
5675,1771,116,4,,
5676,1772,222,2,,
5677,1772,222,3,,
5678,1772,116,4,,
5679,1773,222,2,,
5680,1773,222,3,,
5681,1773,116,4,,
5682,1774,222,2,,
5683,1774,222,3,,
5684,1774,116,4,,
5685,1775,222,2,,
5686,1775,222,3,,
5687,1775,116,4,,
5688,1776,222,2,,
5689,1776,222,3,,
5690,1776,116,4,,
5691,1777,222,2,,
5692,1777,222,3,,
5693,1777,116,4,,
5694,1778,222,2,,
5695,1778,222,3,,
5696,1778,116,4,,
5697,1779,222,2,,
5698,1779,222,3,,
5699,1779,116,4,,
5700,1780,222,2,,
5701,1780,222,3,,
5702,1780,116,4,,
5703,1781,222,2,,
5704,1781,222,3,,
5705,1781,116,4,,
5706,1782,222,2,,
5707,1782,222,3,,
5708,1782,116,4,,
5709,1783,222,2,,
5710,1783,222,3,,
5711,1783,116,4,,
5712,1784,222,2,,
5713,1784,222,3,,
5714,1784,116,4,,
5715,1785,222,2,,
5716,1785,222,3,,
5717,1785,333,4,,
5718,1786,222,2,,
5719,1786,222,3,,
5720,1786,334,4,,
5721,1786,116,4,,
5722,1787,222,2,,
5723,1787,222,3,,
5724,1787,116,4,,
5725,1788,222,2,,
5726,1788,222,3,,
5727,1788,116,4,,
5728,1789,222,2,,
5729,1789,222,3,,
5730,1789,333,4,,
5731,1790,222,2,,
5732,1790,222,3,,
5733,1790,116,4,,
5734,1791,222,2,,
5735,1791,222,3,,
5736,1791,116,4,,
5737,1792,222,2,,
5738,1792,222,3,,
5739,1792,328,4,,
5740,1793,222,2,,
5741,1793,222,3,,
5742,1793,116,4,,
5743,1794,222,2,,
5744,1794,222,3,,
5745,1794,116,4,,
5746,1795,222,2,,
5747,1795,222,3,,
5748,1795,116,4,,
5749,1796,222,2,,
5750,1796,222,3,,
5751,1796,314,4,,
5752,1797,222,2,,
5753,1797,222,3,,
5754,1797,116,4,,
5755,1798,222,2,,
5756,1798,222,3,,
5757,1798,116,4,,
5758,1799,222,2,,
5759,1799,222,3,,
5760,1799,312,4,,
5761,1800,222,2,,
5762,1800,222,3,,
5763,1800,318,4,,
5764,1801,222,2,,
5765,1801,313,3,,
5766,1801,116,4,,
5767,1802,222,2,,
5768,1802,222,3,,
5769,1802,114,4,,
5770,1803,222,2,,
5771,1803,222,3,,
5772,1803,116,4,,
5773,1804,222,2,,
5774,1804,222,3,,
5775,1804,319,4,,
5776,1805,222,2,,
5777,1805,222,3,,
5778,1805,116,4,,
5779,1806,222,2,,
5780,1806,222,3,,
5781,1806,116,4,,
5782,1807,222,2,,
5783,1807,222,3,,
5784,1807,116,4,,
5785,1808,222,2,,
5786,1808,222,3,,
5787,1808,116,4,,
5788,1809,222,2,,
5789,1809,222,3,,
5790,1809,116,4,,
5791,1810,222,2,,
5792,1810,222,3,,
5793,1810,116,4,,
5794,1811,222,2,,
5795,1811,222,3,,
5796,1811,116,4,,
5797,1812,222,2,,
5798,1812,222,3,,
5799,1812,116,4,,
5800,1813,222,2,,
5801,1813,222,3,,
5802,1813,116,4,,
5803,1814,222,2,,
5804,1814,222,3,,
5805,1814,116,4,,
5806,1815,222,2,,
5807,1815,222,3,,
5808,1815,116,4,,
5809,1816,222,2,,
5810,1816,222,3,,
5811,1816,116,4,,
5812,1817,222,2,,
5813,1817,222,3,,
5814,1817,116,4,,
5815,1818,222,2,,
5816,1818,222,3,,
5817,1818,116,4,,
5818,1819,222,2,,
5819,1819,222,3,,
5820,1819,116,4,,
5821,1820,222,2,,
5822,1820,222,3,,
5823,1820,116,4,,
5824,1821,222,2,,
5825,1821,222,3,,
5826,1821,116,4,,
5827,1822,222,2,,
5828,1822,222,3,,
5829,1822,116,4,,
5830,1823,222,2,,
5831,1823,222,3,,
5832,1823,116,4,,
5833,1824,222,2,,
5834,1824,222,3,,
5835,1824,116,4,,
5836,1825,222,2,,
5837,1825,222,3,,
5838,1825,116,4,,
5839,1826,222,2,,
5840,1826,222,3,,
5841,1826,116,4,,
5842,1827,222,2,,
5843,1827,222,3,,
5844,1827,116,4,,
5845,1828,222,2,,
5846,1828,222,3,,
5847,1828,116,4,,
5848,1829,222,2,,
5849,1829,222,3,,
5850,1829,116,4,,
5851,1830,222,2,,
5852,1830,222,3,,
5853,1830,116,4,,
5854,1831,222,2,,
5855,1831,222,3,,
5856,1831,116,4,,
5857,1832,222,2,,
5858,1832,222,3,,
5859,1832,116,4,,
5860,1833,222,2,,
5861,1833,222,3,,
5862,1833,116,4,,
5863,1834,222,2,,
5864,1834,222,3,,
5865,1834,116,4,,
5866,1835,222,2,,
5867,1835,222,3,,
5868,1835,116,4,,
5869,1836,222,2,,
5870,1836,222,3,,
5871,1836,116,4,,
5872,1837,222,2,,
5873,1837,222,3,,
5874,1837,116,4,,
5875,1838,222,2,,
5876,1838,222,3,,
5877,1838,312,4,,
5878,1839,222,2,,
5879,1839,222,3,,
5880,1839,116,4,,
5881,1840,222,2,,
5882,1840,222,3,,
5883,1840,116,4,,
5884,1841,222,2,,
5885,1841,222,3,,
5886,1841,116,4,,
5887,1842,222,2,,
5888,1842,222,3,,
5889,1842,116,4,,
5890,1843,222,2,,
5891,1843,222,3,,
5892,1843,116,4,,
5893,1843,333,4,,
5894,1844,222,2,,
5895,1844,222,3,,
5896,1844,116,4,,
5897,1845,222,2,,
5898,1845,222,3,,
5899,1845,116,4,,
5900,1846,222,2,,
5901,1846,222,3,,
5902,1846,116,4,,
5903,1847,222,2,,
5904,1847,222,3,,
5905,1847,116,4,,
5906,1848,222,2,,
5907,1848,222,3,,
5908,1848,116,4,,
5909,1849,222,2,,
5910,1849,222,3,,
5911,1849,333,4,,
5912,1850,222,2,,
5913,1850,222,3,,
5914,1850,116,4,,
5915,1851,222,2,,
5916,1851,222,3,,
5917,1851,116,4,,
5918,1852,222,2,,
5919,1852,222,3,,
5920,1852,116,4,,
5921,1853,222,2,,
5922,1853,222,3,,
5923,1853,116,4,,
5924,1854,222,2,,
5925,1854,222,3,,
5926,1854,116,4,,
5927,1855,222,2,,
5928,1855,222,3,,
5929,1855,333,4,,
5930,1856,222,2,,
5931,1856,222,3,,
5932,1856,116,4,,
5933,1857,222,2,,
5934,1857,222,3,,
5935,1857,116,4,,
5936,1858,222,2,,
5937,1858,222,3,,
5938,1858,116,4,,
5939,1859,222,2,,
5940,1859,222,3,,
5941,1859,116,4,,
5942,1860,222,2,,
5943,1860,222,3,,
5944,1860,116,4,,
5945,1861,222,2,,
5946,1861,222,3,,
5947,1861,116,4,,
5948,1862,222,2,,
5949,1862,222,3,,
5950,1862,116,4,,
5951,1863,222,2,,
5952,1863,222,3,,
5953,1863,116,4,,
5954,1864,222,2,,
5955,1864,222,3,,
5956,1864,116,4,,
5957,1865,222,2,,
5958,1865,222,3,,
5959,1865,116,4,,
5960,1866,222,2,,
5961,1866,222,3,,
5962,1866,116,4,,
5963,1867,222,2,,
5964,1867,222,3,,
5965,1867,116,4,,
5966,1868,222,2,,
5967,1868,222,3,,
5968,1868,116,4,,
5969,1869,222,2,,
5970,1869,222,3,,
5971,1869,116,4,,
5972,1870,222,2,,
5973,1870,222,3,,
5974,1870,116,4,,
5975,1871,222,2,,
5976,1871,222,3,,
5977,1871,116,4,,
5978,1872,222,2,,
5979,1872,222,3,,
5980,1872,116,4,,
5981,1873,222,2,,
5982,1873,222,3,,
5983,1873,335,4,,
5984,1874,222,2,,
5985,1874,222,3,,
5986,1874,116,4,,
5987,1875,222,2,,
5988,1875,222,3,,
5989,1875,116,4,,
5990,1876,222,2,,
5991,1876,222,3,,
5992,1876,116,4,,
5993,1877,222,2,,
5994,1877,222,3,,
5995,1877,116,4,,
5996,1878,222,2,,
5997,1878,222,3,,
5998,1878,116,4,,
5999,1879,222,2,,
6000,1879,222,3,,
6001,1879,116,4,,
6002,1880,222,2,,
6003,1880,222,3,,
6004,1880,116,4,,
6005,1881,222,2,,
6006,1881,222,3,,
6007,1881,116,4,,
6008,1882,222,2,,
6009,1882,222,3,,
6010,1882,116,4,,
6011,1883,222,2,,
6012,1883,222,3,,
6013,1883,116,4,,
6014,1884,222,2,,
6015,1884,222,3,,
6016,1884,116,4,,
6017,1885,222,2,,
6018,1885,222,3,,
6019,1885,116,4,,
6020,1886,222,2,,
6021,1886,222,3,,
6022,1886,116,4,,
6023,1887,222,2,,
6024,1887,222,3,,
6025,1887,116,4,,
6026,1888,222,2,,
6027,1888,222,3,,
6028,1888,116,4,,
6029,1889,222,2,,
6030,1889,222,3,,
6031,1889,116,4,,
6032,1890,222,2,,
6033,1890,222,3,,
6034,1890,116,4,,
6035,1891,222,2,,
6036,1891,222,3,,
6037,1891,116,4,,
6038,1892,222,2,,
6039,1892,222,3,,
6040,1892,116,4,,
6041,1893,222,2,,
6042,1893,222,3,,
6043,1893,116,4,,
6044,1894,222,2,,
6045,1894,222,3,,
6046,1894,116,4,,
6047,1895,222,2,,
6048,1895,222,3,,
6049,1895,116,4,,
6050,1896,222,2,,
6051,1896,222,3,,
6052,1896,116,4,,
6053,1897,222,2,,
6054,1897,222,3,,
6055,1897,116,4,,
6056,1898,222,2,,
6057,1898,222,3,,
6058,1898,116,4,,
6059,1899,222,2,,
6060,1899,222,3,,
6061,1899,116,4,,
6062,1900,222,2,,
6063,1900,222,3,,
6064,1900,319,4,,
6065,1901,222,2,,
6066,1901,222,3,,
6067,1901,116,4,,
6068,1902,222,2,,
6069,1902,222,3,,
6070,1902,116,4,,
6071,1903,222,2,,
6072,1903,222,3,,
6073,1903,116,4,,
6074,1904,222,2,,
6075,1904,222,3,,
6076,1904,116,4,,
6077,1905,332,2,,
6078,1905,222,3,,
6079,1905,116,4,,
6080,1906,336,2,,
6081,1906,336,3,,
6082,1906,116,4,,
6083,1907,222,2,,
6084,1907,222,3,,
6085,1907,116,4,,
6086,1908,222,2,,
6087,1908,222,3,,
6088,1908,116,4,,
6089,1909,222,2,,
6090,1909,313,3,,
6091,1909,116,4,,
6092,1910,222,2,,
6093,1910,222,3,,
6094,1910,116,4,,
6095,1911,222,2,,
6096,1911,222,3,,
6097,1911,116,4,,
6098,1912,222,2,,
6099,1912,222,3,,
6100,1912,116,4,,
6101,1913,222,2,,
6102,1913,222,3,,
6103,1913,116,4,,
6104,1914,222,2,,
6105,1914,222,3,,
6106,1914,116,4,,
6107,1915,222,2,,
6108,1915,222,3,,
6109,1915,116,4,,
6110,1916,222,2,,
6111,1916,222,3,,
6112,1916,116,4,,
6113,1917,222,2,,
6114,1917,222,3,,
6115,1917,116,4,,
6116,1918,222,2,,
6117,1918,222,3,,
6118,1918,116,4,,
6119,1919,222,2,,
6120,1919,222,3,,
6121,1919,116,4,,
6122,1920,222,2,,
6123,1920,222,3,,
6124,1920,116,4,,
6125,1921,222,2,,
6126,1921,222,3,,
6127,1921,116,4,,
6128,1922,222,2,,
6129,1922,222,3,,
6130,1922,116,4,,
6131,1923,222,2,,
6132,1923,222,3,,
6133,1923,116,4,,
6134,1924,222,2,,
6135,1924,222,3,,
6136,1924,116,4,,
6137,1925,222,2,,
6138,1925,222,3,,
6139,1925,116,4,,
6140,1926,222,2,,
6141,1926,222,3,,
6142,1926,116,4,,
6143,1927,222,2,,
6144,1927,222,3,,
6145,1927,116,4,,
6146,1928,222,2,,
6147,1928,222,3,,
6148,1928,116,4,,
6149,1929,222,2,,
6150,1929,222,3,,
6151,1929,116,4,,
6152,1930,222,2,,
6153,1930,222,3,,
6154,1930,116,4,,
6155,1931,222,2,,
6156,1931,222,3,,
6157,1931,116,4,,
6158,1932,222,2,,
6159,1932,222,3,,
6160,1932,116,4,,
6161,1933,222,2,,
6162,1933,222,3,,
6163,1933,116,4,,
6164,1934,222,2,,
6165,1934,222,3,,
6166,1934,116,4,,
6167,1935,222,2,,
6168,1935,222,3,,
6169,1935,116,4,,
6170,1936,222,2,,
6171,1936,222,3,,
6172,1936,116,4,,
6173,1937,222,2,,
6174,1937,222,3,,
6175,1937,116,4,,
6176,1938,222,2,,
6177,1938,222,3,,
6178,1938,116,4,,
6179,1939,222,2,,
6180,1939,222,3,,
6181,1939,116,4,,
6182,1940,222,2,,
6183,1940,222,3,,
6184,1940,116,4,,
6185,1941,222,2,,
6186,1941,222,3,,
6187,1941,116,4,,
6188,1942,222,2,,
6189,1942,222,3,,
6190,1942,116,4,,
6191,1943,222,2,,
6192,1943,222,3,,
6193,1943,116,4,,
6194,1944,222,2,,
6195,1944,222,3,,
6196,1944,116,4,,
6197,1945,222,2,,
6198,1945,222,3,,
6199,1945,116,4,,
6200,1946,222,2,,
6201,1946,222,3,,
6202,1946,116,4,,
6203,1947,222,2,,
6204,1947,222,3,,
6205,1947,116,4,,
6206,1948,222,2,,
6207,1948,222,3,,
6208,1948,116,4,,
6209,1949,222,2,,
6210,1949,222,3,,
6211,1949,116,4,,
6212,1950,222,2,,
6213,1950,222,3,,
6214,1950,116,4,,
6215,1951,222,2,,
6216,1951,222,3,,
6217,1951,116,4,,
6218,1952,222,2,,
6219,1952,222,3,,
6220,1952,116,4,,
6221,1953,222,2,,
6222,1953,222,3,,
6223,1953,116,4,,
6224,1954,222,2,,
6225,1954,222,3,,
6226,1954,116,4,,
6227,1955,222,2,,
6228,1955,222,3,,
6229,1955,116,4,,
6230,1956,222,2,,
6231,1956,222,3,,
6232,1956,116,4,,
6233,1957,222,2,,
6234,1957,222,3,,
6235,1957,114,4,,
6236,1958,222,2,,
6237,1958,222,3,,
6238,1958,116,4,,
6239,1959,222,2,,
6240,1959,222,3,,
6241,1959,309,4,,
6242,1960,222,2,,
6243,1960,222,3,,
6244,1960,116,4,,
6245,1961,222,2,,
6246,1961,222,3,,
6247,1961,309,4,,
6248,1962,222,2,,
6249,1962,222,3,,
6250,1962,328,4,,
6251,1963,222,2,,
6252,1963,222,3,,
6253,1963,309,4,,
6254,1963,311,4,,
6255,1964,222,2,,
6256,1964,222,3,,
6257,1964,337,4,,
6258,1965,222,2,,
6259,1965,222,3,,
6260,1965,116,4,,
6261,1966,222,2,,
6262,1966,222,3,,
6263,1966,116,4,,
6264,1967,222,2,,
6265,1967,222,3,,
6266,1967,116,4,,
6267,1968,222,2,,
6268,1968,222,3,,
6269,1968,338,4,,
6270,1969,222,2,,
6271,1969,222,3,,
6272,1969,116,4,,
6273,1970,222,2,,
6274,1970,222,3,,
6275,1970,339,4,,
6276,1971,222,2,,
6277,1971,222,3,,
6278,1971,116,4,,
6279,1972,222,2,,
6280,1972,222,3,,
6281,1972,116,4,,
6282,1973,222,2,,
6283,1973,222,3,,
6284,1973,116,4,,
6285,1974,222,2,,
6286,1974,222,3,,
6287,1974,339,4,,
6288,1975,222,2,,
6289,1975,222,3,,
6290,1975,340,4,,
6291,1976,222,2,,
6292,1976,222,3,,
6293,1976,116,4,,
6294,1977,222,2,,
6295,1977,222,3,,
6296,1977,338,4,,
6297,1978,222,2,,
6298,1978,222,3,,
6299,1978,339,4,,
6300,1979,222,2,,
6301,1979,222,3,,
6302,1979,341,4,,
6303,1980,222,2,,
6304,1980,222,3,,
6305,1980,116,4,,
6306,1981,222,2,,
6307,1981,222,3,,
6308,1981,116,4,,
6309,1982,222,2,,
6310,1982,222,3,,
6311,1982,339,4,,
6312,1983,222,2,,
6313,1983,222,3,,
6314,1983,116,4,,
6315,1984,222,2,,
6316,1984,222,3,,
6317,1984,116,4,,
6318,1985,222,2,,
6319,1985,222,3,,
6320,1985,116,4,,
6321,1986,222,2,,
6322,1986,222,3,,
6323,1986,116,4,,
6324,1987,222,2,,
6325,1987,222,3,,
6326,1987,339,4,,
6327,1988,222,2,,
6328,1988,222,3,,
6329,1988,338,4,,
6330,1989,222,2,,
6331,1989,222,3,,
6332,1989,342,4,,
6333,1990,222,2,,
6334,1990,222,3,,
6335,1990,339,4,,
6336,1991,222,2,,
6337,1991,222,3,,
6338,1991,116,4,,
6339,1992,222,2,,
6340,1992,222,3,,
6341,1992,116,4,,
6342,1993,222,2,,
6343,1993,222,3,,
6344,1994,222,2,,
6345,1994,222,3,,
6346,1995,222,2,,
6347,1995,222,3,,
6348,1996,222,2,,
6349,1996,222,3,,
6350,1997,222,2,,
6351,1997,222,3,,
6352,1998,222,2,,
6353,1998,222,3,,
6354,1999,222,2,,
6355,1999,222,3,,
6356,2000,222,2,,
6357,2000,222,3,,
6358,2001,222,2,,
6359,2001,222,3,,
6360,2002,222,2,,
6361,2002,222,3,,
6362,2003,222,2,,
6363,2003,222,3,,
6364,2004,222,2,,
6365,2004,222,3,,
6366,2004,116,4,,
6367,2005,222,2,,
6368,2005,222,3,,
6369,2005,116,4,,
6370,2006,222,2,,
6371,2006,222,3,,
6372,2006,116,4,,
6373,2007,222,2,,
6374,2007,222,3,,
6375,2007,116,4,,
6376,2008,222,2,,
6377,2008,222,3,,
6378,2008,116,4,,
6379,2009,222,2,,
6380,2009,222,3,,
6381,2009,116,4,,
6382,2010,222,2,,
6383,2010,222,3,,
6384,2010,342,4,,
6385,2011,222,2,,
6386,2011,222,3,,
6387,2011,342,4,,
6388,2012,222,2,,
6389,2012,222,3,,
6390,2012,116,4,,
6391,2013,222,2,,
6392,2013,222,3,,
6393,2013,116,4,,
6394,2014,222,2,,
6395,2014,222,3,,
6396,2014,116,4,,
6397,2015,222,2,,
6398,2015,222,3,,
6399,2015,116,4,,
6400,2016,222,2,,
6401,2016,222,3,,
6402,2016,116,4,,
6403,2017,222,2,,
6404,2017,222,3,,
6405,2017,342,4,,
6406,2018,222,2,,
6407,2018,222,3,,
6408,2018,116,4,,
6409,2019,222,2,,
6410,2019,222,3,,
6411,2019,339,4,,
6412,2020,222,2,,
6413,2020,222,3,,
6414,2020,116,4,,
6415,2021,222,2,,
6416,2021,222,3,,
6417,2021,116,4,,
6418,2022,222,2,,
6419,2022,222,3,,
6420,2022,116,4,,
6421,2023,222,2,,
6422,2023,222,3,,
6423,2023,116,4,,
6424,2024,222,2,,
6425,2024,222,3,,
6426,2024,116,4,,
6427,2025,222,2,,
6428,2025,222,3,,
6429,2025,116,4,,
6430,2026,222,2,,
6431,2026,222,3,,
6432,2026,116,4,,
6433,2027,222,2,,
6434,2027,222,3,,
6435,2027,116,4,,
6436,2028,222,2,,
6437,2028,222,3,,
6438,2028,339,4,,
6439,2029,222,2,,
6440,2029,222,3,,
6441,2029,342,4,,
6442,2030,222,2,,
6443,2030,222,3,,
6444,2030,116,4,,
6445,2031,222,2,,
6446,2031,222,3,,
6447,2031,116,4,,
6448,2032,222,2,,
6449,2032,222,3,,
6450,2032,116,4,,
6451,2033,222,2,,
6452,2033,222,3,,
6453,2033,116,4,,
6454,2034,222,2,,
6455,2034,222,3,,
6456,2034,116,4,,
6457,2035,222,2,,
6458,2035,222,3,,
6459,2035,116,4,,
6460,2036,222,2,,
6461,2036,222,3,,
6462,2036,116,4,,
6463,2037,222,2,,
6464,2037,222,3,,
6465,2037,339,4,,
6466,2038,222,2,,
6467,2038,222,3,,
6468,2038,116,4,,
6469,2039,222,2,,
6470,2039,222,3,,
6471,2039,116,4,,
6472,2040,222,2,,
6473,2040,222,3,,
6474,2040,116,4,,
6475,2041,222,2,,
6476,2041,222,3,,
6477,2041,116,4,,
6478,2042,222,2,,
6479,2042,222,3,,
6480,2042,116,4,,
6481,2043,222,2,,
6482,2043,222,3,,
6483,2043,116,4,,
6484,2044,222,2,,
6485,2044,222,3,,
6486,2044,116,4,,
6487,2045,222,2,,
6488,2045,222,3,,
6489,2045,116,4,,
6490,2046,222,2,,
6491,2046,222,3,,
6492,2046,116,4,,
6493,2047,222,2,,
6494,2047,222,3,,
6495,2047,116,4,,
6496,2047,343,4,,
6497,2048,222,2,,
6498,2048,222,3,,
6499,2048,116,4,,
6500,2048,343,4,,
6501,2049,222,2,,
6502,2049,222,3,,
6503,2049,116,4,,
6504,2050,222,2,,
6505,2050,222,3,,
6506,2050,116,4,,
6507,2051,222,2,,
6508,2051,222,3,,
6509,2051,116,4,,
6510,2052,222,2,,
6511,2052,222,3,,
6512,2052,116,4,,
6513,2053,222,2,,
6514,2053,222,3,,
6515,2053,116,4,,
6516,2054,222,2,,
6517,2054,222,3,,
6518,2054,116,4,,
6519,2055,222,2,,
6520,2055,222,3,,
6521,2055,116,4,,
6522,2056,222,2,,
6523,2056,222,3,,
6524,2056,116,4,,
6525,2057,222,2,,
6526,2057,222,3,,
6527,2057,116,4,,
6528,2058,222,2,,
6529,2058,222,3,,
6530,2058,116,4,,
6531,2059,222,2,,
6532,2059,222,3,,
6533,2059,116,4,,
6534,2060,222,2,,
6535,2060,222,3,,
6536,2060,116,4,,
6537,2061,222,2,,
6538,2061,222,3,,
6539,2061,116,4,,
6540,2062,222,2,,
6541,2062,222,3,,
6542,2062,116,4,,
6543,2063,222,2,,
6544,2063,222,3,,
6545,2063,116,4,,
6546,2064,222,2,,
6547,2064,222,3,,
6548,2064,116,4,,
6549,2065,222,2,,
6550,2065,222,3,,
6551,2065,116,4,,
6552,2066,222,2,,
6553,2066,222,3,,
6554,2066,116,4,,
6555,2067,222,2,,
6556,2067,222,3,,
6557,2067,116,4,,
6558,2068,222,2,,
6559,2068,222,3,,
6560,2068,116,4,,
6561,2069,222,2,,
6562,2069,222,3,,
6563,2069,116,4,,
6564,2070,222,2,,
6565,2070,222,3,,
6566,2070,116,4,,
6567,2071,222,2,,
6568,2071,222,3,,
6569,2071,116,4,,
6570,2072,222,2,,
6571,2072,222,3,,
6572,2072,116,4,,
6573,2073,222,2,,
6574,2073,222,3,,
6575,2073,116,4,,
6576,2074,222,2,,
6577,2074,222,3,,
6578,2074,116,4,,
6579,2075,222,2,,
6580,2075,222,3,,
6581,2075,116,4,,
6582,2076,222,2,,
6583,2076,222,3,,
6584,2076,116,4,,
6585,2077,222,2,,
6586,2077,222,3,,
6587,2077,116,4,,
6588,2078,222,2,,
6589,2078,222,3,,
6590,2078,116,4,,
6591,2079,222,2,,
6592,2079,222,3,,
6593,2079,116,4,,
6594,2080,222,2,,
6595,2080,222,3,,
6596,2080,116,4,,
6597,2081,222,2,,
6598,2081,222,3,,
6599,2081,116,4,,
6600,2082,222,2,,
6601,2082,222,3,,
6602,2082,116,4,,
6603,2083,222,2,,
6604,2083,222,3,,
6605,2083,116,4,,
6606,2084,222,2,,
6607,2084,222,3,,
6608,2084,116,4,,
6609,2085,222,2,,
6610,2085,222,3,,
6611,2085,116,4,,
6612,2085,343,4,,
6613,2086,222,2,,
6614,2086,222,3,,
6615,2086,116,4,,
6616,2087,222,2,,
6617,2087,222,3,,
6618,2087,116,4,,
6619,2088,222,2,,
6620,2088,222,3,,
6621,2088,116,4,,
6622,2089,222,2,,
6623,2089,222,3,,
6624,2089,116,4,,
6625,2090,222,2,,
6626,2090,222,3,,
6627,2090,116,4,,
6628,2090,343,4,,
6629,2091,222,2,,
6630,2091,222,3,,
6631,2091,342,4,,
6632,2092,222,2,,
6633,2092,222,3,,
6634,2092,116,4,,
6635,2093,222,2,,
6636,2093,222,3,,
6637,2093,116,4,,
6638,2094,222,2,,
6639,2094,222,3,,
6640,2094,342,4,,
6641,2095,222,2,,
6642,2095,222,3,,
6643,2095,342,4,,
6644,2096,222,2,,
6645,2096,222,3,,
6646,2096,116,4,,
6647,2097,222,2,,
6648,2097,222,3,,
6649,2097,116,4,,
6650,2098,222,2,,
6651,2098,222,3,,
6652,2098,116,4,,
6653,2099,222,2,,
6654,2099,222,3,,
6655,2099,116,4,,
6656,2100,222,2,,
6657,2100,222,3,,
6658,2100,116,4,,
6659,2101,222,2,,
6660,2101,222,3,,
6661,2101,116,4,,
6662,2102,222,2,,
6663,2102,222,3,,
6664,2102,116,4,,
6665,2103,222,2,,
6666,2103,222,3,,
6667,2103,116,4,,
6668,2104,222,2,,
6669,2104,222,3,,
6670,2104,116,4,,
6671,2105,222,2,,
6672,2105,222,3,,
6673,2105,339,4,,
6674,2106,222,2,,
6675,2106,222,3,,
6676,2106,339,4,,
6677,2107,222,2,,
6678,2107,222,3,,
6679,2107,342,4,,
6680,2108,222,2,,
6681,2108,222,3,,
6682,2108,116,4,,
6683,2109,222,2,,
6684,2109,222,3,,
6685,2109,342,4,,
6686,2110,222,2,,
6687,2110,222,3,,
6688,2110,116,4,,
6689,2111,222,2,,
6690,2111,222,3,,
6691,2111,116,4,,
6692,2112,222,2,,
6693,2112,222,3,,
6694,2112,116,4,,
6695,2113,222,2,,
6696,2113,222,3,,
6697,2113,116,4,,
6698,2114,222,2,,
6699,2114,222,3,,
6700,2114,116,4,,
6701,2115,222,2,,
6702,2115,222,3,,
6703,2115,116,4,,
6704,2116,222,2,,
6705,2116,222,3,,
6706,2116,116,4,,
6707,2117,222,2,,
6708,2117,222,3,,
6709,2117,116,4,,
6710,2118,222,2,,
6711,2118,222,3,,
6712,2118,116,4,,
6713,2119,222,2,,
6714,2119,222,3,,
6715,2119,116,4,,
6716,2120,222,2,,
6717,2120,222,3,,
6718,2120,116,4,,
6719,2121,222,2,,
6720,2121,222,3,,
6721,2121,116,4,,
6722,2122,222,2,,
6723,2122,222,3,,
6724,2122,116,4,,
6725,2123,222,2,,
6726,2123,222,3,,
6727,2123,116,4,,
6728,2124,222,2,,
6729,2124,222,3,,
6730,2124,116,4,,
6731,2125,222,2,,
6732,2125,222,3,,
6733,2125,116,4,,
6734,2126,222,2,,
6735,2126,222,3,,
6736,2126,116,4,,
6737,2127,222,2,,
6738,2127,222,3,,
6739,2127,116,4,,
6740,2128,222,2,,
6741,2128,222,3,,
6742,2128,116,4,,
6743,2129,222,2,,
6744,2129,222,3,,
6745,2129,116,4,,
6746,2130,222,2,,
6747,2130,222,3,,
6748,2130,116,4,,
6749,2131,222,2,,
6750,2131,222,3,,
6751,2131,116,4,,
6752,2132,97,2,,
6753,2132,97,3,,
6754,2132,116,4,,
6755,2133,222,2,,
6756,2133,222,3,,
6757,2133,116,4,,
6758,2134,222,2,,
6759,2134,222,3,,
6760,2134,116,4,,
6761,2135,222,2,,
6762,2135,222,3,,
6763,2135,116,4,,
6764,2136,222,2,,
6765,2136,222,3,,
6766,2136,116,4,,
6767,2137,222,2,,
6768,2137,222,3,,
6769,2137,116,4,,
6770,2138,222,2,,
6771,2138,222,3,,
6772,2138,116,4,,
6773,2139,222,2,,
6774,2139,222,3,,
6775,2139,116,4,,
6776,2140,222,2,,
6777,2140,222,3,,
6778,2140,116,4,,
6779,2141,222,2,,
6780,2141,222,3,,
6781,2141,116,4,,
6782,2141,343,4,,
6783,2142,222,2,,
6784,2142,222,3,,
6785,2142,116,4,,
6786,2143,222,2,,
6787,2143,222,3,,
6788,2143,116,4,,
6789,2144,222,2,,
6790,2144,222,3,,
6791,2144,116,4,,
6792,2145,222,2,,
6793,2145,222,3,,
6794,2145,116,4,,
6795,2146,222,2,,
6796,2146,222,3,,
6797,2146,116,4,,
6798,2147,222,2,,
6799,2147,222,3,,
6800,2147,116,4,,
6801,2148,222,2,,
6802,2148,222,3,,
6803,2148,116,4,,
6804,2149,222,2,,
6805,2149,222,3,,
6806,2149,328,4,,
6807,2150,222,2,,
6808,2150,222,3,,
6809,2150,116,4,,
6810,2151,222,2,,
6811,2151,222,3,,
6812,2151,313,4,,
6813,2152,222,2,,
6814,2152,222,3,,
6815,2152,116,4,,
6816,2153,222,2,,
6817,2153,222,3,,
6818,2153,116,4,,
6819,2154,222,2,,
6820,2154,222,3,,
6821,2154,116,4,,
6822,2155,222,2,,
6823,2155,222,3,,
6824,2155,328,4,,
6825,2156,222,2,,
6826,2156,222,3,,
6827,2156,319,4,,
6828,2157,222,2,,
6829,2157,222,3,,
6830,2157,116,4,,
6831,2158,222,2,,
6832,2158,222,3,,
6833,2158,116,4,,
6834,2159,222,2,,
6835,2159,222,3,,
6836,2159,311,4,,
6837,2160,222,2,,
6838,2160,222,3,,
6839,2160,116,4,,
6840,2161,222,2,,
6841,2161,222,3,,
6842,2161,116,4,,
6843,2162,222,2,,
6844,2162,222,3,,
6845,2162,116,4,,
6846,2163,222,2,,
6847,2163,222,3,,
6848,2163,116,4,,
6849,2164,222,2,,
6850,2164,222,3,,
6851,2164,116,4,,
6852,2165,222,2,,
6853,2165,222,3,,
6854,2165,116,4,,
6855,2166,222,2,,
6856,2166,222,3,,
6857,2166,116,4,,
6858,2167,222,2,,
6859,2167,222,3,,
6860,2167,116,4,,
6861,2168,222,2,,
6862,2168,222,3,,
6863,2168,311,4,,
6864,2169,222,2,,
6865,2169,222,3,,
6866,2169,116,4,,
6867,2170,222,2,,
6868,2170,222,3,,
6869,2170,116,4,,
6870,2171,222,2,,
6871,2171,222,3,,
6872,2171,116,4,,
6873,2172,222,2,,
6874,2172,222,3,,
6875,2172,116,4,,
6876,2173,222,2,,
6877,2173,222,3,,
6878,2173,116,4,,
6879,2174,222,2,,
6880,2174,222,3,,
6881,2174,116,4,,
6882,2175,222,2,,
6883,2175,222,3,,
6884,2175,116,4,,
6885,2176,222,2,,
6886,2176,222,3,,
6887,2176,116,4,,
6888,2177,222,2,,
6889,2177,222,3,,
6890,2177,116,4,,
6891,2178,222,2,,
6892,2178,222,3,,
6893,2178,116,4,,
6894,2179,222,2,,
6895,2179,222,3,,
6896,2179,116,4,,
6897,2180,222,2,,
6898,2180,222,3,,
6899,2180,116,4,,
6900,2181,222,2,,
6901,2181,222,3,,
6902,2181,116,4,,
6903,2182,222,2,,
6904,2182,222,3,,
6905,2182,116,4,,
6906,2183,222,2,,
6907,2183,222,3,,
6908,2183,116,4,,
6909,2184,222,2,,
6910,2184,222,3,,
6911,2184,116,4,,
6912,2185,222,2,,
6913,2185,222,3,,
6914,2185,116,4,,
6915,2186,222,2,,
6916,2186,222,3,,
6917,2186,116,4,,
6918,2187,222,2,,
6919,2187,222,3,,
6920,2187,116,4,,
6921,2188,222,2,,
6922,2188,222,3,,
6923,2188,116,4,,
6924,2189,222,2,,
6925,2189,222,3,,
6926,2189,116,4,,
6927,2190,222,2,,
6928,2190,222,3,,
6929,2190,116,4,,
6930,2191,222,2,,
6931,2191,222,3,,
6932,2191,116,4,,
6933,2192,222,2,,
6934,2192,222,3,,
6935,2192,116,4,,
6936,2193,222,2,,
6937,2193,222,3,,
6938,2193,116,4,,
6939,2194,222,2,,
6940,2194,222,3,,
6941,2194,116,4,,
6942,2195,222,2,,
6943,2195,222,3,,
6944,2195,116,4,,
6945,2196,222,2,,
6946,2196,222,3,,
6947,2196,116,4,,
6948,2197,222,2,,
6949,2197,222,3,,
6950,2197,116,4,,
6951,2198,222,2,,
6952,2198,222,3,,
6953,2198,116,4,,
6954,2199,222,2,,
6955,2199,222,3,,
6956,2199,116,4,,
6957,2200,222,2,,
6958,2200,222,3,,
6959,2200,116,4,,
6960,2200,344,4,,
6961,2201,222,2,,
6962,2201,222,3,,
6963,2201,116,4,,
6964,2202,222,2,,
6965,2202,222,3,,
6966,2202,116,4,,
6967,2203,222,2,,
6968,2203,222,3,,
6969,2203,116,4,,
6970,2204,222,2,,
6971,2204,222,3,,
6972,2204,116,4,,
6973,2205,222,2,,
6974,2205,222,3,,
6975,2205,116,4,,
6976,2206,222,2,,
6977,2206,222,3,,
6978,2206,116,4,,
6979,2207,222,2,,
6980,2207,222,3,,
6981,2207,116,4,,
6982,2208,222,2,,
6983,2208,222,3,,
6984,2208,116,4,,
6985,2209,223,2,,
6986,2209,223,3,,
6987,2209,223,4,,
6988,2210,223,2,,
6989,2210,223,3,,
6990,2210,223,4,,
6991,2211,223,2,,
6992,2211,223,3,,
6993,2211,223,4,,
6994,2212,223,2,,
6995,2212,223,3,,
6996,2212,223,4,,
6997,2213,223,2,,
6998,2213,223,3,,
6999,2213,223,4,,
7000,2214,223,2,,
7001,2214,223,3,,
7002,2214,343,4,,
7003,2214,345,4,,
7004,2215,223,2,,
7005,2215,223,3,,
7006,2215,343,4,,
7007,2215,345,4,,
7008,2216,223,2,,
7009,2216,223,3,,
7010,2216,223,4,,
7011,2216,346,1,,
7012,2217,223,2,,
7013,2217,223,3,,
7014,2217,223,4,,
7015,2218,223,2,,
7016,2218,223,3,,
7017,2218,223,4,,
7018,2219,223,2,,
7019,2219,223,3,,
7020,2219,223,4,,
7021,2220,223,2,,
7022,2220,223,3,,
7023,2220,223,4,,
7024,2221,2,2,,
7025,2221,2,3,,
7026,2221,114,4,,
7027,2221,187,1,,
7028,2222,347,2,,
7029,2222,347,3,,
7030,2222,114,4,,
7031,2222,187,1,,
7032,2223,2,2,,
7033,2223,347,3,,
7034,2223,116,4,,
7035,2223,187,1,,
7036,2224,2,2,,
7037,2224,2,3,,
7038,2224,116,4,,
7039,2224,187,1,,
7040,2225,347,2,,
7041,2225,347,3,,
7042,2225,114,4,,
7043,2225,187,1,,
7044,2226,102,2,,
7045,2226,2,3,,
7046,2226,116,4,,
7047,2226,187,1,,
7048,2227,2,2,,
7049,2227,2,3,,
7050,2227,120,4,,
7051,2227,187,1,,
7052,2228,347,2,,
7053,2228,347,3,,
7054,2228,120,4,,
7055,2228,187,1,,
7056,2229,2,2,,
7057,2229,2,3,,
7058,2229,116,4,,
7059,2229,187,1,,
7060,2230,102,2,,
7061,2230,2,3,,
7062,2230,116,4,,
7063,2230,187,1,,
7064,2231,2,2,,
7065,2231,347,3,,
7066,2231,116,4,,
7067,2231,187,1,,
7068,2232,2,2,,
7069,2232,2,3,,
7070,2232,114,4,,
7071,2232,187,1,,
7072,2233,2,2,,
7073,2233,2,3,,
7074,2233,116,4,,
7075,2233,187,1,,
7076,2234,2,2,,
7077,2234,2,3,,
7078,2234,120,4,,
7079,2234,187,1,,
7080,2235,2,2,,
7081,2235,2,3,,
7082,2235,114,4,,
7083,2235,187,1,,
7084,2236,347,2,,
7085,2236,347,3,,
7086,2236,313,4,,
7087,2236,187,1,,
7088,2237,2,2,,
7089,2237,2,3,,
7090,2237,116,4,,
7091,2237,187,1,,
7092,2238,2,2,,
7093,2238,2,3,,
7094,2238,116,4,,
7095,2238,187,1,,
7096,2239,2,2,,
7097,2239,347,3,,
7098,2239,116,4,,
7099,2239,187,1,,
7100,2240,2,2,,
7101,2240,2,3,,
7102,2240,116,4,,
7103,2240,187,1,,
7104,2241,2,2,,
7105,2241,2,3,,
7106,2241,114,4,,
7107,2241,187,1,,
7108,2242,347,2,,
7109,2242,347,3,,
7110,2242,116,4,,
7111,2242,187,1,,
7112,2243,2,2,,
7113,2243,2,3,,
7114,2243,116,4,,
7115,2243,187,1,,
7116,2244,347,2,,
7117,2244,347,3,,
7118,2244,187,4,,
7119,2244,187,1,,
7120,2245,102,2,,
7121,2245,2,3,,
7122,2245,114,4,,
7123,2245,187,1,,
7124,2246,347,2,,
7125,2246,347,3,,
7126,2246,116,4,,
7127,2246,187,1,,
7128,2247,2,2,,
7129,2247,2,3,,
7130,2247,116,4,,
7131,2247,187,1,,
7132,2248,2,2,,
7133,2248,2,3,,
7134,2248,187,4,,
7135,2248,187,1,,
7136,2249,2,2,,
7137,2249,2,3,,
7138,2249,116,4,,
7139,2249,187,1,,
7140,2250,347,2,,
7141,2250,347,3,,
7142,2250,116,4,,
7143,2250,187,1,,
7144,2251,2,2,,
7145,2251,2,3,,
7146,2251,116,4,,
7147,2251,187,1,,
7148,2252,347,2,,
7149,2252,347,3,,
7150,2252,116,4,,
7151,2252,187,1,,
7152,2253,2,2,,
7153,2253,2,3,,
7154,2253,116,4,,
7155,2253,187,1,,
7156,2254,347,2,,
7157,2254,347,3,,
7158,2254,116,4,,
7159,2254,187,1,,
7160,2255,2,2,,
7161,2255,2,3,,
7162,2255,116,4,,
7163,2255,187,1,,
7164,2256,2,2,,
7165,2256,2,3,,
7166,2256,116,4,,
7167,2256,187,1,,
7168,2257,347,2,,
7169,2257,347,3,,
7170,2257,116,4,,
7171,2257,187,1,,
7172,2258,2,2,,
7173,2258,2,3,,
7174,2258,116,4,,
7175,2258,187,1,,
7176,2259,2,2,,
7177,2259,2,3,,
7178,2259,116,4,,
7179,2259,187,1,,
7180,2260,347,2,,
7181,2260,347,3,,
7182,2260,116,4,,
7183,2260,187,1,,
7184,2261,2,2,,
7185,2261,2,3,,
7186,2261,116,4,,
7187,2261,187,1,,
7188,2262,2,2,,
7189,2262,2,3,,
7190,2262,116,4,,
7191,2262,187,1,,
7192,2263,347,2,,
7193,2263,347,3,,
7194,2263,116,4,,
7195,2263,187,1,,
7196,2264,2,2,,
7197,2264,2,3,,
7198,2264,116,4,,
7199,2264,187,1,,
7200,2265,347,2,,
7201,2265,347,3,,
7202,2265,116,4,,
7203,2265,187,1,,
7204,2266,2,2,,
7205,2266,2,3,,
7206,2266,116,4,,
7207,2266,187,1,,
7208,2267,2,2,,
7209,2267,2,3,,
7210,2267,116,4,,
7211,2267,187,1,,
7212,2268,347,2,,
7213,2268,347,3,,
7214,2268,116,4,,
7215,2268,187,1,,
7216,2269,2,2,,
7217,2269,2,3,,
7218,2269,116,4,,
7219,2269,187,1,,
7220,2270,347,2,,
7221,2270,347,3,,
7222,2270,116,4,,
7223,2270,187,1,,
7224,2271,2,2,,
7225,2271,2,3,,
7226,2271,116,4,,
7227,2271,187,1,,
7228,2272,347,2,,
7229,2272,347,3,,
7230,2272,116,4,,
7231,2272,187,1,,
7232,2273,2,2,,
7233,2273,2,3,,
7234,2273,116,4,,
7235,2273,187,1,,
7236,2274,347,2,,
7237,2274,347,3,,
7238,2274,116,4,,
7239,2274,187,1,,
7240,2275,2,2,,
7241,2275,2,3,,
7242,2275,116,4,,
7243,2275,187,1,,
7244,2276,347,2,,
7245,2276,347,3,,
7246,2276,116,4,,
7247,2276,187,1,,
7248,2277,2,2,,
7249,2277,2,3,,
7250,2277,121,4,,
7251,2277,187,1,,
7252,2278,347,2,,
7253,2278,347,3,,
7254,2278,121,4,,
7255,2278,187,1,,
7256,2279,347,2,,
7257,2279,347,3,,
7258,2279,121,4,,
7259,2279,187,1,,
7260,2280,2,2,,
7261,2280,2,3,,
7262,2280,116,4,,
7263,2280,187,1,,
7264,2281,347,2,,
7265,2281,347,3,,
7266,2281,116,4,,
7267,2281,187,1,,
7268,2282,347,2,,
7269,2282,2,2,,
7270,2282,347,3,,
7271,2282,121,4,,
7272,2282,187,1,,
7273,2283,2,2,,
7274,2283,2,3,,
7275,2283,121,4,,
7276,2283,187,1,,
7277,2284,2,2,,
7278,2284,2,3,,
7279,2284,121,4,,
7280,2284,187,1,,
7281,2285,347,2,,
7282,2285,347,3,,
7283,2285,116,4,,
7284,2285,187,1,,
7285,2286,2,2,,
7286,2286,2,3,,
7287,2286,122,4,,
7288,2286,187,1,,
7289,2287,2,2,,
7290,2287,2,3,,
7291,2287,121,4,,
7292,2287,187,1,,
7293,2288,347,2,,
7294,2288,347,3,,
7295,2288,116,4,,
7296,2288,187,1,,
7297,2289,2,2,,
7298,2289,2,3,,
7299,2289,121,4,,
7300,2289,187,1,,
7301,2290,2,2,,
7302,2290,2,3,,
7303,2290,121,4,,
7304,2290,187,1,,
7305,2291,2,2,,
7306,2291,2,3,,
7307,2291,122,4,,
7308,2291,187,1,,
7309,2292,2,2,,
7310,2292,2,3,,
7311,2292,122,4,,
7312,2292,187,1,,
7313,2293,2,2,,
7314,2293,2,3,,
7315,2293,121,4,,
7316,2293,187,1,,
7317,2294,2,2,,
7318,2294,2,3,,
7319,2294,122,4,,
7320,2294,187,1,,
7321,2295,2,2,,
7322,2295,2,3,,
7323,2295,121,4,,
7324,2295,187,1,,
7325,2296,2,2,,
7326,2296,2,3,,
7327,2296,122,4,,
7328,2296,187,1,,
7329,2297,2,2,,
7330,2297,2,3,,
7331,2297,121,4,,
7332,2297,187,1,,
7333,2298,2,2,,
7334,2298,2,3,,
7335,2298,122,4,,
7336,2298,187,1,,
7337,2299,347,2,,
7338,2299,347,3,,
7339,2299,116,4,,
7340,2299,187,1,,
7341,2300,347,2,,
7342,2300,347,3,,
7343,2300,121,4,,
7344,2300,187,1,,
7345,2301,2,2,,
7346,2301,347,3,,
7347,2301,116,4,,
7348,2301,187,1,,
7349,2302,347,2,,
7350,2302,347,3,,
7351,2302,121,4,,
7352,2302,187,1,,
7353,2303,347,2,,
7354,2303,347,3,,
7355,2303,116,4,,
7356,2303,187,1,,
7357,2304,347,2,,
7358,2304,347,3,,
7359,2304,116,4,,
7360,2304,187,1,,
7361,2305,347,2,,
7362,2305,2,2,,
7363,2305,347,3,,
7364,2305,121,4,,
7365,2305,187,1,,
7366,2306,347,2,,
7367,2306,347,3,,
7368,2306,116,4,,
7369,2306,187,1,,
7370,2307,347,2,,
7371,2307,347,3,,
7372,2307,116,4,,
7373,2307,187,1,,
7374,2308,347,2,,
7375,2308,347,3,,
7376,2308,116,4,,
7377,2308,187,1,,
7378,2309,2,2,,
7379,2309,2,3,,
7380,2309,116,4,,
7381,2309,187,1,,
7382,2310,2,2,,
7383,2310,2,3,,
7384,2310,116,4,,
7385,2310,187,1,,
7386,2311,2,2,,
7387,2311,2,3,,
7388,2311,116,4,,
7389,2311,187,1,,
7390,2312,2,2,,
7391,2312,2,3,,
7392,2312,116,4,,
7393,2312,187,1,,
7394,2313,188,2,,
7395,2313,188,3,,
7396,2313,116,4,,
7397,2313,187,1,,
7398,2314,2,2,,
7399,2314,2,3,,
7400,2314,116,4,,
7401,2314,187,1,,
7402,2315,125,2,,
7403,2315,2,3,,
7404,2315,116,4,,
7405,2315,187,1,,
7406,2316,2,2,,
7407,2316,2,3,,
7408,2316,116,4,,
7409,2316,187,1,,
7410,2317,188,2,,
7411,2317,188,3,,
7412,2317,116,4,,
7413,2317,187,1,,
7414,2318,2,2,,
7415,2318,2,3,,
7416,2318,116,4,,
7417,2318,187,1,,
7418,2319,188,2,,
7419,2319,188,3,,
7420,2319,116,4,,
7421,2319,187,1,,
7422,2320,2,2,,
7423,2320,2,3,,
7424,2320,187,1,,
7425,2321,188,2,,
7426,2321,188,3,,
7427,2321,187,1,,
7428,2322,2,2,,
7429,2322,2,3,,
7430,2322,187,1,,
7431,2323,2,2,,
7432,2323,2,3,,
7433,2323,187,1,,
7434,2324,2,2,,
7435,2324,188,3,,
7436,2324,187,1,,
7437,2325,2,2,,
7438,2325,2,3,,
7439,2325,187,1,,
7440,2326,2,2,,
7441,2326,2,3,,
7442,2326,187,1,,
7443,2327,188,2,,
7444,2327,188,3,,
7445,2327,116,4,,
7446,2327,187,1,,
7447,2328,2,2,,
7448,2328,2,3,,
7449,2328,116,4,,
7450,2328,187,1,,
7451,2329,2,2,,
7452,2329,2,3,,
7453,2329,116,4,,
7454,2329,187,1,,
7455,2330,2,2,,
7456,2330,2,3,,
7457,2330,114,4,,
7458,2330,187,1,,
7459,2331,188,2,,
7460,2331,188,3,,
7461,2331,116,4,,
7462,2331,187,1,,
7463,2332,2,2,,
7464,2332,2,3,,
7465,2332,116,4,,
7466,2332,187,1,,
7467,2333,188,2,,
7468,2333,188,3,,
7469,2333,116,4,,
7470,2333,187,1,,
7471,2334,2,2,,
7472,2334,2,3,,
7473,2334,187,1,,
7474,2335,2,2,,
7475,2335,2,3,,
7476,2335,187,1,,
7477,2336,2,2,,
7478,2336,2,3,,
7479,2336,187,1,,
7480,2337,347,2,,
7481,2337,2,2,,
7482,2337,347,3,,
7483,2337,187,1,,
7484,2338,2,2,,
7485,2338,2,3,,
7486,2338,116,4,,
7487,2338,187,1,,
7488,2339,2,2,,
7489,2339,2,3,,
7490,2339,187,1,,
7491,2340,2,2,,
7492,2340,2,3,,
7493,2340,187,1,,
7494,2341,2,2,,
7495,2341,2,3,,
7496,2341,187,1,,
7497,2342,188,2,,
7498,2342,188,3,,
7499,2342,187,1,,
7500,2343,2,2,,
7501,2343,2,3,,
7502,2343,187,1,,
7503,2344,188,2,,
7504,2344,188,3,,
7505,2344,187,1,,
7506,2345,2,2,,
7507,2345,2,3,,
7508,2345,116,4,,
7509,2345,187,1,,
7510,2346,2,2,,
7511,2346,2,3,,
7512,2346,114,4,,
7513,2346,187,1,,
7514,2347,188,2,,
7515,2347,188,3,,
7516,2347,114,4,,
7517,2347,187,1,,
7518,2348,2,2,,
7519,2348,2,3,,
7520,2348,114,4,,
7521,2348,187,1,,
7522,2349,188,2,,
7523,2349,188,3,,
7524,2349,313,4,,
7525,2349,187,1,,
7526,2350,2,2,,
7527,2350,2,3,,
7528,2350,116,4,,
7529,2350,187,1,,
7530,2351,188,2,,
7531,2351,188,3,,
7532,2351,116,4,,
7533,2351,187,1,,
7534,2352,2,2,,
7535,2352,2,3,,
7536,2352,116,4,,
7537,2352,187,1,,
7538,2353,188,2,,
7539,2353,188,3,,
7540,2353,116,4,,
7541,2353,187,1,,
7542,2354,2,2,,
7543,2354,2,3,,
7544,2354,121,4,,
7545,2354,187,1,,
7546,2355,188,2,,
7547,2355,188,3,,
7548,2355,121,4,,
7549,2355,187,1,,
7550,2356,2,2,,
7551,2356,2,3,,
7552,2356,121,4,,
7553,2356,187,1,,
7554,2357,188,2,,
7555,2357,188,3,,
7556,2357,116,4,,
7557,2357,187,1,,
7558,2358,348,2,,
7559,2358,348,3,,
7560,2358,348,4,,
7561,2359,348,2,,
7562,2359,348,3,,
7563,2359,348,4,,
7564,2360,349,2,,
7565,2360,350,3,,
7566,2360,348,4,,
7567,2361,348,2,,
7568,2361,348,3,,
7569,2361,348,4,,
7570,2362,258,2,,
7571,2362,348,3,,
7572,2362,348,4,,
7573,2363,348,2,,
7574,2363,348,3,,
7575,2363,348,4,,
7576,2364,348,2,,
7577,2364,348,3,,
7578,2364,351,4,,
7579,2365,348,2,,
7580,2365,348,3,,
7581,2365,351,4,,
7582,2366,348,2,,
7583,2366,348,3,,
7584,2366,351,4,,
7585,2367,352,2,,
7586,2367,348,3,,
7587,2367,353,4,,
7588,2368,352,2,,
7589,2368,348,3,,
7590,2368,353,4,,
7591,2369,348,2,,
7592,2369,348,3,,
7593,2369,353,4,,
7594,2370,354,2,,
7595,2370,348,3,,
7596,2370,351,4,,
7597,2371,355,2,,
7598,2371,348,3,,
7599,2371,351,4,,
7600,2372,348,2,,
7601,2372,348,3,,
7602,2372,353,4,,
7603,2373,348,2,,
7604,2373,348,3,,
7605,2373,353,4,,
7606,2374,348,2,,
7607,2374,348,3,,
7608,2374,353,4,,
7609,2375,348,2,,
7610,2375,348,3,,
7611,2375,353,4,,
7612,2376,348,2,,
7613,2376,348,3,,
7614,2376,353,4,,
7615,2377,302,2,,
7616,2377,356,3,,
7617,2377,348,4,,
7618,2378,352,2,,
7619,2378,348,3,,
7620,2378,353,4,,
7621,2379,352,2,,
7622,2379,348,3,,
7623,2379,353,4,,
7624,2380,355,2,,
7625,2380,348,3,,
7626,2380,353,4,,
7627,2381,348,2,,
7628,2381,348,3,,
7629,2381,348,4,,
7630,2382,357,2,,
7631,2382,348,3,,
7632,2382,348,4,,
7633,2383,352,2,,
7634,2383,348,3,,
7635,2383,348,4,,
7636,2384,348,2,,
7637,2384,358,3,,
7638,2384,348,4,,
7639,2385,359,2,,
7640,2385,359,3,,
7641,2385,348,4,,
7642,2386,352,2,,
7643,2386,348,3,,
7644,2386,360,4,,
7645,2387,352,2,,
7646,2387,348,3,,
7647,2387,361,4,,
7648,2388,362,2,,
7649,2388,362,3,,
7650,2388,348,4,,
7651,2389,352,2,,
7652,2389,348,3,,
7653,2389,363,4,,
7654,2390,348,2,,
7655,2390,348,3,,
7656,2390,348,4,,
7657,2391,348,2,,
7658,2391,348,3,,
7659,2391,364,4,,
7660,2392,348,2,,
7661,2392,348,3,,
7662,2392,348,4,,
7663,2393,348,2,,
7664,2393,348,3,,
7665,2393,348,4,,
7666,2394,348,2,,
7667,2394,365,3,,
7668,2394,365,4,,
7669,2395,366,2,,
7670,2395,366,3,,
7671,2395,366,4,,
7672,2396,367,2,,
7673,2396,367,3,,
7674,2396,368,4,,
7675,2397,348,2,,
7676,2397,348,3,,
7677,2397,348,4,,
7678,2398,348,2,,
7679,2398,348,3,,
7680,2398,348,4,,
7681,2399,348,2,,
7682,2399,348,3,,
7683,2399,348,4,,
7684,2400,348,2,,
7685,2400,348,3,,
7686,2400,348,4,,
7687,2401,369,2,,
7688,2401,369,3,,
7689,2401,348,4,,
7690,2402,370,2,,
7691,2402,370,3,,
7692,2402,348,4,,
7693,2403,370,2,,
7694,2403,370,3,,
7695,2403,348,4,,
7696,2404,348,2,,
7697,2404,348,3,,
7698,2404,371,4,,
7699,2405,348,2,,
7700,2405,348,3,,
7701,2405,372,4,,
7702,2406,348,2,,
7703,2406,289,3,,
7704,2406,373,4,,
7705,2407,348,2,,
7706,2407,348,3,,
7707,2407,374,4,,
7708,2408,352,2,,
7709,2408,348,3,,
7710,2408,375,4,,
7711,2409,348,2,,
7712,2409,348,3,,
7713,2409,348,4,,
7714,2410,348,2,,
7715,2410,348,3,,
7716,2410,348,4,,
7717,2411,352,2,,
7718,2411,348,3,,
7719,2411,348,4,,
7720,2412,352,2,,
7721,2412,348,3,,
7722,2412,289,4,,
7723,2413,352,2,,
7724,2413,348,3,,
7725,2413,348,4,,
7726,2414,355,2,,
7727,2414,348,3,,
7728,2414,289,4,,
7729,2415,355,2,,
7730,2415,348,3,,
7731,2415,348,4,,
7732,2416,352,2,,
7733,2416,348,3,,
7734,2416,376,4,,
7735,2417,348,3,,
7736,2417,376,4,,
7737,2418,348,2,,
7738,2418,348,3,,
7739,2418,376,4,,
7740,2419,377,2,,
7741,2419,348,3,,
7742,2419,348,4,,
7743,2420,348,2,,
7744,2420,348,3,,
7745,2420,348,4,,
7746,2421,378,2,,
7747,2421,348,3,,
7748,2421,348,4,,
7749,2422,348,3,,
7750,2422,348,4,,
7751,2423,348,4,,
7752,2424,348,2,,
7753,2424,348,3,,
7754,2424,348,4,,
7755,2425,348,2,,
7756,2425,348,3,,
7757,2425,348,4,,
7758,2426,37,2,,
7759,2426,379,3,,
7760,2426,348,4,,
7761,2427,380,2,,
7762,2427,380,3,,
7763,2427,348,4,,
7764,2428,348,3,,
7765,2428,381,4,,
7766,2429,348,2,,
7767,2429,382,3,,
7768,2429,383,4,,
7769,2430,352,2,,
7770,2430,348,3,,
7771,2430,348,4,,
7772,2431,348,2,,
7773,2431,348,3,,
7774,2431,348,4,,
7775,2432,348,2,,
7776,2432,348,3,,
7777,2432,348,4,,
7778,2433,348,2,,
7779,2433,384,3,,
7780,2434,385,2,,
7781,2434,386,3,,
7782,2434,387,4,,
7783,2435,348,2,,
7784,2435,348,3,,
7785,2435,348,4,,
7786,2436,388,3,,
7787,2436,388,1,,
7788,2437,37,2,,
7789,2437,157,3,,
7790,2437,389,4,,
7791,2437,260,1,,
7792,2438,390,2,,
7793,2438,390,3,,
7794,2438,122,4,,
7795,2438,391,7,,
7796,2438,390,1,,
7797,2439,392,2,,
7798,2439,38,3,,
7799,2439,38,4,,
7800,2439,393,1,,
7801,2440,394,2,,
7802,2440,38,3,,
7803,2440,395,4,,
7804,2440,396,1,,
7805,2441,244,2,,
7806,2441,397,3,,
7807,2441,397,4,,
7808,2441,398,1,,
7809,2442,251,2,,
7810,2442,399,3,,
7811,2442,397,4,,
7812,2442,399,1,,
7813,2443,400,2,,
7814,2443,401,3,,
7815,2443,313,4,,
7816,2443,402,1,,
7817,2444,403,2,,
7818,2444,403,3,,
7819,2444,404,4,,
7820,2444,405,1,,
7821,2445,305,2,,
7822,2445,38,3,,
7823,2445,406,4,,
7824,2445,407,1,,
7825,2446,37,2,,
7826,2446,408,3,,
7827,2446,408,4,,
7828,2446,409,1,,
7829,2447,392,2,,
7830,2447,410,3,,
7831,2447,410,4,,
7832,2447,411,1,,
7833,2448,412,2,,
7834,2448,412,3,,
7835,2448,413,4,,
7836,2448,412,1,,
7837,2449,414,2,,
7838,2449,415,3,,
7839,2449,416,4,,
7840,2449,417,1,,
7841,2450,418,2,,
7842,2450,419,3,,
7843,2450,420,4,,
7844,2450,421,1,,
7845,2451,422,2,,
7846,2451,422,3,,
7847,2451,422,4,,
7848,2451,422,1,,
7849,2452,37,2,,
7850,2452,38,3,,
7851,2452,328,4,,
7852,2452,423,1,,
7853,2453,81,2,,
7854,2453,121,3,,
7855,2453,121,4,,
7856,2453,424,1,,
7857,2454,81,2,,
7858,2454,425,3,,
7859,2454,121,4,,
7860,2454,426,1,,
7861,2455,81,2,,
7862,2455,427,3,,
7863,2455,121,4,,
7864,2455,428,1,,
7865,2456,388,3,,
7866,2456,388,1,,
7867,2457,388,3,,
7868,2457,388,1,,
7869,2458,429,2,,
7870,2458,430,3,,
7871,2458,316,4,,
7872,2458,431,1,,
7873,2459,199,2,,
7874,2459,199,3,,
7875,2459,120,4,,
7876,2459,432,1,,
7877,2460,37,2,,
7878,2460,38,3,,
7879,2460,433,4,,
7880,2460,434,1,,
7881,2461,435,2,,
7882,2461,436,3,,
7883,2461,437,4,,
7884,2461,438,1,,
7885,2462,37,2,,
7886,2462,439,3,,
7887,2462,440,4,,
7888,2462,440,1,,
7889,2463,37,2,,
7890,2463,408,3,,
7891,2463,408,4,,
7892,2463,441,1,,
7893,2464,442,2,,
7894,2464,442,3,,
7895,2464,442,4,,
7896,2464,442,1,,
7897,2465,443,2,,
7898,2465,38,3,,
7899,2465,444,4,,
7900,2465,445,1,,
7901,2466,59,2,,
7902,2466,59,3,,
7903,2466,318,4,,
7904,2466,446,1,,
7905,2467,352,2,,
7906,2467,38,3,,
7907,2467,447,4,,
7908,2467,448,1,,
7909,2468,81,2,,
7910,2468,313,3,,
7911,2468,313,4,,
7912,2468,449,1,,
7913,2469,450,2,,
7914,2469,451,3,,
7915,2469,451,4,,
7916,2469,452,1,,
7917,2470,305,2,,
7918,2470,453,3,,
7919,2470,454,4,,
7920,2470,455,1,,
7921,2471,443,2,,
7922,2471,456,3,,
7923,2471,456,4,,
7924,2471,457,1,,
7925,2472,458,2,,
7926,2472,313,3,,
7927,2472,278,4,,
7928,2472,459,1,,
7929,2473,458,2,,
7930,2473,460,3,,
7931,2473,328,4,,
7932,2473,461,1,,
7933,2474,462,2,,
7934,2474,463,3,,
7935,2474,464,4,,
7936,2474,465,1,,
7937,2475,429,2,,
7938,2475,38,3,,
7939,2475,420,4,,
7940,2475,466,1,,
7941,2476,450,2,,
7942,2476,467,3,,
7943,2476,420,4,,
7944,2476,468,1,,
7945,2477,388,3,,
7946,2477,388,1,,
7947,2478,90,2,,
7948,2478,2,3,,
7949,2478,2,4,,
7950,2478,469,4,,
7951,2478,470,1,,
7952,2479,90,2,,
7953,2479,2,3,,
7954,2479,2,4,,
7955,2479,469,4,,
7956,2479,471,1,,
7957,2480,90,2,,
7958,2480,2,3,,
7959,2480,2,4,,
7960,2480,469,4,,
7961,2480,472,4,,
7962,2480,2,1,,
7963,2480,470,1,,
7964,2481,90,2,,
7965,2481,2,3,,
7966,2481,2,4,,
7967,2481,469,4,,
7968,2481,471,1,,
7969,2482,90,2,,
7970,2482,2,3,,
7971,2482,2,4,,
7972,2482,469,4,,
7973,2482,473,1,,
7974,2483,90,2,,
7975,2483,2,3,,
7976,2483,2,4,,
7977,2483,469,4,,
7978,2483,2,1,,
7979,2484,90,2,,
7980,2484,2,3,,
7981,2484,2,4,,
7982,2484,469,4,,
7983,2484,473,1,,
7984,2485,90,2,,
7985,2485,2,3,,
7986,2485,2,4,,
7987,2485,469,4,,
7988,2485,2,1,,
7989,2485,470,1,,
7990,2485,158,1,,
7991,2485,469,1,,
7992,2485,474,1,,
7993,2486,90,2,,
7994,2486,2,3,,
7995,2486,2,4,,
7996,2486,469,4,,
7997,2486,469,1,,
7998,2487,90,2,,
7999,2487,475,3,,
8000,2487,475,4,,
8001,2487,475,1,,
8002,2488,90,2,,
8003,2488,2,3,,
8004,2488,2,4,,
8005,2488,469,4,,
8006,2488,476,1,,
8007,2489,90,2,,
8008,2489,2,3,,
8009,2489,2,4,,
8010,2489,469,4,,
8011,2489,2,1,,
8012,2489,470,1,,
8013,2490,90,2,,
8014,2490,477,3,,
8015,2490,477,4,,
8016,2490,478,1,,
8017,2491,90,2,,
8018,2491,2,3,,
8019,2491,2,4,,
8020,2491,469,4,,
8021,2491,471,1,,
8022,2492,90,2,,
8023,2492,2,3,,
8024,2492,2,4,,
8025,2492,469,4,,
8026,2492,2,1,,
8027,2492,479,1,,
8028,2493,90,2,,
8029,2493,480,3,,
8030,2493,2,4,,
8031,2493,469,4,,
8032,2493,480,1,,
8033,2494,90,2,,
8034,2494,2,3,,
8035,2494,2,4,,
8036,2494,469,4,,
8037,2494,473,1,,
8038,2495,90,2,,
8039,2495,2,3,,
8040,2495,2,4,,
8041,2495,469,4,,
8042,2495,100,1,,
8043,2496,90,2,,
8044,2496,2,3,,
8045,2496,2,4,,
8046,2496,469,4,,
8047,2496,2,1,,
8048,2497,90,2,,
8049,2497,2,3,,
8050,2497,2,4,,
8051,2497,469,4,,
8052,2497,158,1,,
8053,2498,90,2,,
8054,2498,2,3,,
8055,2498,2,4,,
8056,2498,469,4,,
8057,2498,2,1,,
8058,2498,479,1,,
8059,2499,90,2,,
8060,2499,480,3,,
8061,2499,2,4,,
8062,2499,469,4,,
8063,2499,480,1,,
8064,2500,90,2,,
8065,2500,481,3,,
8066,2500,482,4,,
8067,2500,483,1,,
8068,2501,90,2,,
8069,2501,2,3,,
8070,2501,2,4,,
8071,2501,469,4,,
8072,2501,469,1,,
8073,2502,90,2,,
8074,2502,2,3,,
8075,2502,2,4,,
8076,2502,469,4,,
8077,2502,2,1,,
8078,2502,473,1,,
8079,2503,90,2,,
8080,2503,2,3,,
8081,2503,2,4,,
8082,2503,469,4,,
8083,2503,2,1,,
8084,2503,479,1,,
8085,2504,484,2,,
8086,2504,484,3,,
8087,2504,484,4,,
8088,2505,484,2,,
8089,2505,484,3,,
8090,2505,484,4,,
8091,2506,484,2,,
8092,2506,484,3,,
8093,2506,484,4,,
8094,2506,485,5,,
8095,2507,484,2,,
8096,2507,484,3,,
8097,2507,484,4,,
8098,2507,486,5,,
8099,2508,484,2,,
8100,2508,484,3,,
8101,2508,484,4,,
8102,2509,484,2,,
8103,2509,484,3,,
8104,2509,484,4,,
8105,2509,486,5,,
8106,2510,484,2,,
8107,2510,484,3,,
8108,2510,484,4,,
8109,2511,484,2,,
8110,2511,484,3,,
8111,2511,484,4,,
8112,2511,485,5,,
8113,2512,484,2,,
8114,2512,484,3,,
8115,2512,484,4,,
8116,2513,484,2,,
8117,2513,484,3,,
8118,2513,484,4,,
8119,2514,484,2,,
8120,2514,484,3,,
8121,2514,484,4,,
8122,2514,486,5,,
8123,2515,484,2,,
8124,2515,484,3,,
8125,2515,484,4,,
8126,2515,485,5,,
8127,2516,487,2,,
8128,2516,488,3,,
8129,2516,484,4,,
8130,2517,484,2,,
8131,2517,484,3,,
8132,2517,484,4,,
8133,2518,489,2,,
8134,2518,484,3,,
8135,2518,484,4,,
8136,2519,490,2,,
8137,2519,484,3,,
8138,2519,484,4,,
8139,2520,490,2,,
8140,2520,484,3,,
8141,2520,484,4,,
8142,2521,491,2,,
8143,2521,491,3,,
8144,2521,484,4,,
8145,2522,492,2,,
8146,2522,416,3,,
8147,2522,484,4,,
8148,2523,37,2,,
8149,2523,304,3,,
8150,2523,484,4,,
8151,2524,484,2,,
8152,2524,484,3,,
8153,2524,484,4,,
8154,2525,493,2,,
8155,2525,493,3,,
8156,2525,121,4,,
8157,2526,493,2,,
8158,2526,493,3,,
8159,2526,494,4,,
8160,2527,495,2,,
8161,2527,496,3,,
8162,2527,497,4,,
8163,2528,493,2,,
8164,2528,493,3,,
8165,2528,121,4,,
8166,2529,493,2,,
8167,2529,493,3,,
8168,2529,116,4,,
8169,2530,498,2,,
8170,2530,496,3,,
8171,2530,116,4,,
8172,2531,493,2,,
8173,2531,493,3,,
8174,2531,499,4,,
8175,2532,493,2,,
8176,2532,493,3,,
8177,2532,500,4,,
8178,2533,493,2,,
8179,2533,493,3,,
8180,2533,501,4,,
8181,2534,493,2,,
8182,2534,493,3,,
8183,2534,502,4,,
8184,2535,493,2,,
8185,2535,493,3,,
8186,2535,503,4,,
8187,2536,493,2,,
8188,2536,493,3,,
8189,2536,504,4,,
8190,2537,493,2,,
8191,2537,493,3,,
8192,2537,504,4,,
8193,2538,493,2,,
8194,2538,493,3,,
8195,2538,501,4,,
8196,2539,493,2,,
8197,2539,493,3,,
8198,2539,501,4,,
8199,2540,28,2,,
8200,2540,28,3,,
8201,2540,62,4,,
8202,2541,28,2,,
8203,2541,28,3,,
8204,2541,62,4,,
8205,2542,28,2,,
8206,2542,28,3,,
8207,2542,62,4,,
8208,2543,28,2,,
8209,2543,28,3,,
8210,2543,62,4,,
8211,2544,28,2,,
8212,2544,28,3,,
8213,2544,62,4,,
8214,2545,28,2,,
8215,2545,28,3,,
8216,2545,62,4,,
8217,2546,28,2,,
8218,2546,28,3,,
8219,2546,62,4,,
8220,2547,28,2,,
8221,2547,28,3,,
8222,2547,62,4,,
8223,2548,28,2,,
8224,2548,28,3,,
8225,2548,62,4,,
8226,2549,28,2,,
8227,2549,28,3,,
8228,2549,62,4,,
8229,2550,28,2,,
8230,2550,28,3,,
8231,2550,62,4,,
8232,2551,28,2,,
8233,2551,28,3,,
8234,2551,62,4,,
8235,2552,28,2,,
8236,2552,28,3,,
8237,2552,62,4,,
8238,2553,28,2,,
8239,2553,28,3,,
8240,2553,62,4,,
8241,2554,28,2,,
8242,2554,28,3,,
8243,2554,62,4,,
8244,2555,28,2,,
8245,2555,28,3,,
8246,2555,62,4,,
8247,2556,28,2,,
8248,2556,28,3,,
8249,2556,62,4,,
8250,2557,28,2,,
8251,2557,28,3,,
8252,2557,62,4,,
8253,2558,28,2,,
8254,2558,28,3,,
8255,2558,62,4,,
8256,2559,28,2,,
8257,2559,28,3,,
8258,2559,62,4,,
8259,2560,28,2,,
8260,2560,28,3,,
8261,2560,62,4,,
8262,2561,77,2,,
8263,2561,68,3,,
8264,2561,62,4,,
8265,2562,70,2,,
8266,2562,34,3,,
8267,2562,62,4,,
8268,2563,34,2,,
8269,2563,34,3,,
8270,2563,62,4,,
8271,2564,64,2,,
8272,2564,64,3,,
8273,2564,62,4,,
8274,2565,28,2,,
8275,2565,28,3,,
8276,2565,62,4,,
8277,2566,28,2,,
8278,2566,28,3,,
8279,2566,62,4,,
8280,2567,28,2,,
8281,2567,28,3,,
8282,2567,62,4,,
8283,2568,28,2,,
8284,2568,28,3,,
8285,2568,62,4,,
8286,2569,28,2,,
8287,2569,68,3,,
8288,2569,62,4,,
8289,2570,28,2,,
8290,2570,28,3,,
8291,2570,62,4,,
8292,2571,28,2,,
8293,2571,28,3,,
8294,2571,62,4,,
8295,2572,506,2,,
8296,2572,505,3,,
8297,2572,454,4,,
8298,2573,507,2,,
8299,2573,508,3,,
8300,2573,454,4,,
8301,2574,505,2,,
8302,2574,505,3,,
8303,2574,454,4,,
8304,2575,507,2,,
8305,2575,509,3,,
8306,2575,454,4,,
8307,2576,505,2,,
8308,2576,454,3,,
8309,2576,454,4,,
8310,2577,507,2,,
8311,2577,454,3,,
8312,2577,454,4,,
8313,2578,506,2,,
8314,2578,508,3,,
8315,2578,454,4,,
8316,2579,507,2,,
8317,2579,505,3,,
8318,2579,454,4,,
8319,2580,507,2,,
8320,2580,208,3,,
8321,2580,454,4,,
8322,2581,505,2,,
8323,2581,509,3,,
8324,2581,454,4,,
8325,2582,505,2,,
8326,2582,505,3,,
8327,2582,510,4,,
8328,2583,511,2,,
8329,2583,512,3,,
8330,2583,513,4,,
8331,2584,505,2,,
8332,2584,505,3,,
8333,2584,510,4,,
8334,2585,514,2,,
8335,2585,515,3,,
8336,2585,515,4,,
8337,2586,516,2,,
8338,2586,505,3,,
8339,2586,183,4,,
8340,2587,514,2,,
8341,2587,515,3,,
8342,2587,515,4,,
8343,2588,505,2,,
8344,2588,512,3,,
8345,2588,183,4,,
8346,2589,505,2,,
8347,2589,505,3,,
8348,2589,513,4,,
8349,2590,511,2,,
8350,2590,505,3,,
8351,2590,513,4,,
8352,2591,505,2,,
8353,2591,505,3,,
8354,2591,510,4,,
8355,2592,514,2,,
8356,2592,505,3,,
8357,2592,183,4,,
8358,2593,514,2,,
8359,2593,515,3,,
8360,2593,515,4,,
8361,2594,514,2,,
8362,2594,515,3,,
8363,2594,515,4,,
8364,2595,505,2,,
8365,2595,505,3,,
8366,2595,510,4,,
8367,2596,505,2,,
8368,2596,515,3,,
8369,2596,515,4,,
8370,2597,511,2,,
8371,2597,505,3,,
8372,2597,183,4,,
8373,2598,517,2,,
8374,2598,505,3,,
8375,2598,510,4,,
8376,2599,511,2,,
8377,2599,512,3,,
8378,2599,510,4,,
8379,2600,518,2,,
8380,2600,183,3,,
8381,2600,183,4,,
8382,2601,505,2,,
8383,2601,515,3,,
8384,2601,515,4,,
8385,2602,505,2,,
8386,2602,505,3,,
8387,2602,515,4,,
8388,2603,514,2,,
8389,2603,515,3,,
8390,2603,515,4,,
8391,2604,514,2,,
8392,2604,505,3,,
8393,2604,515,4,,
8394,2605,505,2,,
8395,2605,505,3,,
8396,2605,515,4,,
8397,2606,505,2,,
8398,2606,515,3,,
8399,2606,515,4,,
8400,2607,505,2,,
8401,2607,515,3,,
8402,2607,515,4,,
8403,2608,505,2,,
8404,2608,505,3,,
8405,2608,515,4,,
8406,2609,505,2,,
8407,2609,515,3,,
8408,2609,515,4,,
8409,2610,505,2,,
8410,2610,505,3,,
8411,2610,515,4,,
8412,2611,514,2,,
8413,2611,505,3,,
8414,2611,515,4,,
8415,2612,505,2,,
8416,2612,515,3,,
8417,2612,515,4,,
8418,2613,505,2,,
8419,2613,515,3,,
8420,2613,515,4,,
8421,2614,505,2,,
8422,2614,515,3,,
8423,2614,515,4,,
8424,2615,505,2,,
8425,2615,505,3,,
8426,2615,515,4,,
8427,2616,514,2,,
8428,2616,515,3,,
8429,2616,515,4,,
8430,2617,505,2,,
8431,2617,515,3,,
8432,2617,515,4,,
8433,2618,505,2,,
8434,2618,505,3,,
8435,2618,515,4,,
8436,2619,505,2,,
8437,2619,515,3,,
8438,2619,515,4,,
8439,2620,519,2,,
8440,2620,512,3,,
8441,2620,515,4,,
8442,2621,505,2,,
8443,2621,454,3,,
8444,2621,515,4,,
8445,2622,514,2,,
8446,2622,515,3,,
8447,2622,515,4,,
8448,2623,505,2,,
8449,2623,505,3,,
8450,2623,454,4,,
8451,2624,514,2,,
8452,2624,505,3,,
8453,2624,183,4,,
8454,2625,505,2,,
8455,2625,505,3,,
8456,2625,510,4,,
8457,2626,516,2,,
8458,2626,505,3,,
8459,2626,183,4,,
8460,2627,505,2,,
8461,2627,505,3,,
8462,2628,505,2,,
8463,2628,505,3,,
8464,2628,510,4,,
8465,2629,514,2,,
8466,2629,515,3,,
8467,2629,515,4,,
8468,2630,520,2,,
8469,2630,520,3,,
8470,2630,499,4,,
8471,2631,519,2,,
8472,2631,505,3,,
8473,2631,515,4,,
8474,2632,521,2,,
8475,2632,522,3,,
8476,2632,522,4,,
8477,2633,523,2,,
8478,2633,505,3,,
8479,2633,515,4,,
8480,2634,519,2,,
8481,2634,524,3,,
8482,2634,515,4,,
8483,2635,525,2,,
8484,2635,526,3,,
8485,2635,522,4,,
8486,2636,505,2,,
8487,2636,505,3,,
8488,2636,454,4,,
8489,2637,527,2,,
8490,2637,505,3,,
8491,2637,290,4,,
8492,2638,505,2,,
8493,2638,505,3,,
8494,2638,290,4,,
8495,2639,523,2,,
8496,2639,505,3,,
8497,2639,454,4,,
8498,2640,505,2,,
8499,2640,505,3,,
8500,2640,515,4,,
8501,2641,528,2,,
8502,2641,505,3,,
8503,2641,529,4,,
8504,2642,519,2,,
8505,2642,505,3,,
8506,2642,529,4,,
8507,2643,505,2,,
8508,2643,505,3,,
8509,2643,454,4,,
8510,2644,530,2,,
8511,2644,505,3,,
8512,2644,290,4,,
8513,2645,531,2,,
8514,2645,532,3,,
8515,2645,532,4,,
8516,2646,505,2,,
8517,2646,505,3,,
8518,2646,290,4,,
8519,2647,505,2,,
8520,2647,505,3,,
8521,2647,290,4,,
8522,2648,505,2,,
8523,2648,505,3,,
8524,2648,290,4,,
8525,2649,505,2,,
8526,2649,505,3,,
8527,2649,290,4,,
8528,2650,505,2,,
8529,2650,505,3,,
8530,2650,290,4,,
8531,2651,505,2,,
8532,2651,505,3,,
8533,2651,290,4,,
8534,2652,505,2,,
8535,2652,505,3,,
8536,2652,290,4,,
8537,2653,505,2,,
8538,2653,505,3,,
8539,2653,121,4,,
8540,2654,505,2,,
8541,2654,505,3,,
8542,2654,290,4,,
8543,2655,505,2,,
8544,2655,505,3,,
8545,2655,121,4,,
8546,2656,505,2,,
8547,2656,505,3,,
8548,2656,290,4,,
8549,2657,505,2,,
8550,2657,505,3,,
8551,2657,343,4,,
8552,2658,527,2,,
8553,2658,505,3,,
8554,2658,290,4,,
8555,2659,505,2,,
8556,2659,505,3,,
8557,2659,290,4,,
8558,2660,505,2,,
8559,2660,515,3,,
8560,2660,515,4,,
8561,2661,505,2,,
8562,2661,505,3,,
8563,2661,515,4,,
8564,2662,505,2,,
8565,2662,505,3,,
8566,2662,515,4,,
8567,2663,505,2,,
8568,2663,515,3,,
8569,2663,515,4,,
8570,2664,531,2,,
8571,2664,532,3,,
8572,2664,532,4,,
8573,2665,505,2,,
8574,2665,505,3,,
8575,2665,290,4,,
8576,2666,519,2,,
8577,2666,512,3,,
8578,2666,515,4,,
8579,2667,505,2,,
8580,2667,505,3,,
8581,2667,290,4,,
8582,2668,505,2,,
8583,2668,505,3,,
8584,2668,501,4,,
8585,2669,505,2,,
8586,2669,505,3,,
8587,2669,290,4,,
8588,2670,505,2,,
8589,2670,505,3,,
8590,2670,454,4,,
8591,2671,505,2,,
8592,2671,505,3,,
8593,2671,290,4,,
8594,2672,505,2,,
8595,2672,505,3,,
8596,2672,290,4,,
8597,2673,505,2,,
8598,2673,505,3,,
8599,2673,290,4,,
8600,2674,505,2,,
8601,2674,505,3,,
8602,2674,290,4,,
8603,2675,505,2,,
8604,2675,505,3,,
8605,2675,290,4,,
8606,2676,505,2,,
8607,2676,505,3,,
8608,2676,290,4,,
8609,2677,505,2,,
8610,2677,505,3,,
8611,2677,121,4,,
8612,2678,505,2,,
8613,2678,505,3,,
8614,2678,290,4,,
8615,2679,505,2,,
8616,2679,505,3,,
8617,2679,343,4,,
8618,2680,505,2,,
8619,2680,505,3,,
8620,2680,343,4,,
8621,2681,505,3,,
8622,2682,505,2,,
8623,2682,505,3,,
8624,2683,505,2,,
8625,2683,505,3,,
8626,2684,505,2,,
8627,2684,505,3,,
8628,2684,533,4,,
8629,2685,505,2,,
8630,2685,505,3,,
8631,2686,505,2,,
8632,2686,505,3,,
8633,2686,533,4,,
8634,2686,534,5,,
8635,2687,505,2,,
8636,2687,505,3,,
8637,2688,505,2,,
8638,2688,505,3,,
8639,2688,533,4,,
8640,2689,505,2,,
8641,2689,505,3,,
8642,2690,505,2,,
8643,2690,505,3,,
8644,2690,290,4,,
8645,2691,505,2,,
8646,2691,505,3,,
8647,2691,533,4,,
8648,2692,505,2,,
8649,2692,505,3,,
8650,2693,505,2,,
8651,2693,505,3,,
8652,2694,505,2,,
8653,2694,505,3,,
8654,2694,533,4,,
8655,2695,505,2,,
8656,2695,505,3,,
8657,2695,533,4,,
8658,2696,505,2,,
8659,2696,505,3,,
8660,2696,535,4,,
8661,2697,505,2,,
8662,2697,505,3,,
8663,2697,343,4,,
8664,2698,505,2,,
8665,2698,505,3,,
8666,2698,536,4,,
8667,2699,505,2,,
8668,2699,505,3,,
8669,2699,505,4,,
8670,2700,505,2,,
8671,2700,505,3,,
8672,2700,536,4,,
8673,2701,505,2,,
8674,2701,505,3,,
8675,2702,505,2,,
8676,2702,505,3,,
8677,2702,290,4,,
8678,2703,505,2,,
8679,2703,505,3,,
8680,2704,505,2,,
8681,2704,505,3,,
8682,2704,533,4,,
8683,2705,505,2,,
8684,2705,505,3,,
8685,2706,505,2,,
8686,2706,505,3,,
8687,2707,505,2,,
8688,2707,505,3,,
8689,2707,121,4,,
8690,2708,505,2,,
8691,2708,505,3,,
8692,2708,121,4,,
8693,2709,505,2,,
8694,2709,505,3,,
8695,2709,536,4,,
8696,2710,505,2,,
8697,2710,505,3,,
8698,2711,505,2,,
8699,2711,505,3,,
8700,2711,533,4,,
8701,2712,505,2,,
8702,2712,505,3,,
8703,2712,533,4,,
8704,2713,505,2,,
8705,2713,505,3,,
8706,2713,536,4,,
8707,2714,505,2,,
8708,2714,505,3,,
8709,2715,505,2,,
8710,2715,505,3,,
8711,2715,290,4,,
8712,2716,505,2,,
8713,2716,505,3,,
8714,2716,290,4,,
8715,2717,505,2,,
8716,2717,505,3,,
8717,2718,505,2,,
8718,2718,505,3,,
8719,2719,505,2,,
8720,2719,505,3,,
8721,2719,290,4,,
8722,2720,505,2,,
8723,2720,505,3,,
8724,2721,505,2,,
8725,2721,505,3,,
8726,2722,505,2,,
8727,2722,505,3,,
8728,2723,505,2,,
8729,2723,505,3,,
8730,2723,290,4,,
8731,2724,537,2,,
8732,2724,505,3,,
8733,2724,538,4,,
8734,2725,505,2,,
8735,2725,505,3,,
8736,2725,290,4,,
8737,2726,505,2,,
8738,2726,505,3,,
8739,2726,533,4,,
8740,2727,505,2,,
8741,2727,505,3,,
8742,2727,510,4,,
8743,2728,514,2,,
8744,2728,515,3,,
8745,2728,515,4,,
8746,2729,514,2,,
8747,2729,515,3,,
8748,2729,515,4,,
8749,2730,516,2,,
8750,2730,505,3,,
8751,2730,183,4,,
8752,2731,505,2,,
8753,2731,505,3,,
8754,2731,510,4,,
8755,2732,505,2,,
8756,2732,515,3,,
8757,2732,515,4,,
8758,2733,505,2,,
8759,2733,505,3,,
8760,2733,515,4,,
8761,2734,505,2,,
8762,2734,515,3,,
8763,2734,515,4,,
8764,2735,505,2,,
8765,2735,515,3,,
8766,2735,515,4,,
8767,2736,505,2,,
8768,2736,515,3,,
8769,2737,505,2,,
8770,2737,515,3,,
8771,2737,515,4,,
8772,2739,520,2,,
8773,2739,520,3,,
8774,2739,499,4,,
8775,2740,505,2,,
8776,2740,505,3,,
8777,2740,515,4,,
8778,2741,519,2,,
8779,2741,524,3,,
8780,2742,505,2,,
8781,2742,505,3,,
8782,2742,515,4,,
8783,2743,519,2,,
8784,2743,505,3,,
8785,2743,515,4,,
8786,2744,523,2,,
8787,2744,505,3,,
8788,2744,515,4,,
8789,2745,531,2,,
8790,2745,532,3,,
8791,2745,532,4,,
8792,2746,505,2,,
8793,2746,505,3,,
8794,2746,515,4,,
8795,2747,527,2,,
8796,2747,505,3,,
8797,2747,290,4,,
8798,2749,505,2,,
8799,2749,505,3,,
8800,2749,290,4,,
8801,2750,505,2,,
8802,2750,505,3,,
8803,2750,290,4,,
8804,2751,527,2,,
8805,2751,505,3,,
8806,2751,290,4,,
8807,2752,516,2,,
8808,2752,505,3,,
8809,2752,183,4,,
8810,2753,514,2,,
8811,2753,515,3,,
8812,2753,515,4,,
8813,2754,505,2,,
8814,2754,505,3,,
8815,2754,290,4,,
8816,2755,505,2,,
8817,2755,505,3,,
8818,2755,290,4,,
8819,2756,505,2,,
8820,2756,505,3,,
8821,2756,501,4,,
8822,2757,505,2,,
8823,2757,505,3,,
8824,2757,343,4,,
8825,2758,505,2,,
8826,2758,505,3,,
8827,2758,290,4,,
8828,2759,505,2,,
8829,2759,505,3,,
8830,2759,290,4,,
8831,2760,505,2,,
8832,2760,505,3,,
8833,2760,290,4,,
8834,2761,505,2,,
8835,2761,505,3,,
8836,2761,290,4,,
8837,2762,505,2,,
8838,2762,505,3,,
8839,2762,290,4,,
8840,2763,505,2,,
8841,2763,505,3,,
8842,2763,290,4,,
8843,2764,505,2,,
8844,2764,505,3,,
8845,2765,505,2,,
8846,2765,505,3,,
8847,2765,533,4,,
8848,2766,505,2,,
8849,2766,505,3,,
8850,2766,533,4,,
8851,2767,505,2,,
8852,2767,505,3,,
8853,2768,505,2,,
8854,2768,505,3,,
8855,2768,536,4,,
8856,2769,505,2,,
8857,2769,505,3,,
8858,2769,343,4,,
8859,2770,505,2,,
8860,2770,505,3,,
8861,2772,537,2,,
8862,2772,505,3,,
8863,2772,538,4,,
8864,2774,301,2,,
8865,2774,301,3,,
8866,2774,301,4,,
8867,2775,301,2,,
8868,2775,301,3,,
8869,2775,301,4,,
8870,2776,301,2,,
8871,2776,301,3,,
8872,2776,301,4,,
8873,2777,540,2,,
8874,2777,301,3,,
8875,2777,301,4,,
8876,2778,301,2,,
8877,2778,541,3,,
8878,2778,301,4,,
8879,2779,301,2,,
8880,2779,301,3,,
8881,2779,301,4,,
8882,2780,542,2,,
8883,2780,301,3,,
8884,2780,301,4,,
8885,2781,301,2,,
8886,2781,301,3,,
8887,2781,301,4,,
8888,2782,301,2,,
8889,2782,301,3,,
8890,2782,301,4,,
8891,2783,301,2,,
8892,2783,301,3,,
8893,2783,301,4,,
8894,2784,301,2,,
8895,2784,301,3,,
8896,2784,301,4,,
8897,2785,301,2,,
8898,2785,301,3,,
8899,2785,301,4,,
8900,2786,301,2,,
8901,2786,301,3,,
8902,2786,301,4,,
8903,2787,301,2,,
8904,2787,301,3,,
8905,2787,301,4,,
8906,2788,301,2,,
8907,2788,301,3,,
8908,2788,301,4,,
8909,2789,301,2,,
8910,2789,301,3,,
8911,2789,301,4,,
8912,2790,540,2,,
8913,2790,301,3,,
8914,2790,301,4,,
8915,2791,301,2,,
8916,2791,301,3,,
8917,2791,301,4,,
8918,2792,540,2,,
8919,2792,301,3,,
8920,2792,301,4,,
8921,2793,301,2,,
8922,2793,301,3,,
8923,2793,301,4,,
8924,2794,301,2,,
8925,2794,301,3,,
8926,2794,301,4,,
8927,2795,543,2,,
8928,2795,141,3,,
8929,2795,544,4,,
8930,2795,545,1,,
8931,2796,154,2,,
8932,2796,546,3,,
8933,2796,65,4,,
8934,2796,547,1,,
8935,2797,27,2,,
8936,2797,548,3,,
8937,2797,549,4,,
8938,2797,550,1,,
8939,2798,551,2,,
8940,2798,141,3,,
8941,2798,552,4,,
8942,2798,553,1,,
8943,2799,554,2,,
8944,2799,141,3,,
8945,2799,553,4,,
8946,2799,553,1,,
8947,2800,555,2,,
8948,2800,556,3,,
8949,2800,556,4,,
8950,2800,557,1,,
8951,2801,558,2,,
8952,2801,460,3,,
8953,2801,559,4,,
8954,2801,560,1,,
8955,2802,561,2,,
8956,2802,561,3,,
8957,2802,562,4,,
8958,2802,561,1,,
8959,2803,563,1,,
8960,2804,564,2,,
8961,2804,564,3,,
8962,2804,564,4,,
8963,2804,565,1,,
8964,2805,566,2,,
8965,2805,567,3,,
8966,2805,567,4,,
8967,2805,568,1,,
8968,2806,569,2,,
8969,2806,570,3,,
8970,2806,544,4,,
8971,2806,571,1,,
8972,2807,572,2,,
8973,2807,572,3,,
8974,2807,573,1,,
8975,2808,574,2,,
8976,2808,575,3,,
8977,2808,553,4,,
8978,2808,553,1,,
8979,2809,154,2,,
8980,2809,141,3,,
8981,2809,553,4,,
8982,2809,553,1,,
8983,2810,154,2,,
8984,2810,546,3,,
8985,2810,544,4,,
8986,2810,547,1,,
8987,2811,154,2,,
8988,2811,546,3,,
8989,2811,65,4,,
8990,2811,547,1,,
8991,2812,576,2,,
8992,2812,577,3,,
8993,2812,578,4,,
8994,2812,579,1,,
8995,2813,58,2,,
8996,2813,58,3,,
8997,2813,320,4,,
8998,2813,58,1,,
8999,2814,154,2,,
9000,2814,580,3,,
9001,2814,138,4,,
9002,2814,581,1,,
9003,2815,154,2,,
9004,2815,141,3,,
9005,2815,239,4,,
9006,2815,582,1,,
9007,2816,583,2,,
9008,2816,584,3,,
9009,2816,559,4,,
9010,2816,550,1,,
9011,2817,154,2,,
9012,2817,585,3,,
9013,2817,65,4,,
9014,2817,586,1,,
9015,2818,587,2,,
9016,2818,588,3,,
9017,2818,65,4,,
9018,2818,579,1,,
9019,2819,589,1,,
9020,2820,588,2,,
9021,2820,588,3,,
9022,2820,590,1,,
9023,2821,591,2,,
9024,2821,592,3,,
9025,2821,590,1,,
9026,2822,573,1,,
9027,2823,576,2,,
9028,2823,593,3,,
9029,2823,594,1,,
9030,2824,595,2,,
9031,2824,596,1,,
9032,2825,154,2,,
9033,2825,141,3,,
9034,2825,553,1,,
9035,2826,154,2,,
9036,2826,546,3,,
9037,2826,65,4,,
9038,2826,586,1,,
9039,2827,597,2,,
9040,2827,597,3,,
9041,2827,549,4,,
9042,2827,550,1,,
9043,2828,550,1,,
9044,2829,598,2,,
9045,2829,548,3,,
9046,2829,549,4,,
9047,2829,550,1,,
9048,2830,59,2,,
9049,2830,59,3,,
9050,2830,316,4,,
9051,2830,59,1,,
9052,2831,125,2,,
9053,2831,104,3,,
9054,2831,115,4,,
9055,2831,99,1,,
9056,2832,143,2,,
9057,2832,143,3,,
9058,2832,142,4,,
9059,2832,65,5,,
9060,2832,142,1,,
9061,2833,599,2,,
9062,2833,410,3,,
9063,2833,600,4,,
9064,2833,600,1,,
9065,2834,143,2,,
9066,2834,143,3,,
9067,2834,142,4,,
9068,2834,65,5,,
9069,2834,142,1,,
9070,2835,143,2,,
9071,2835,143,3,,
9072,2835,142,4,,
9073,2835,65,5,,
9074,2835,142,1,,
9075,2836,546,2,,
9076,2836,546,3,,
9077,2836,116,4,,
9078,2836,586,1,,
9079,2837,97,2,,
9080,2837,97,3,,
9081,2837,601,4,,
9082,2837,601,1,,
9083,2838,602,2,,
9084,2838,316,3,,
9085,2838,316,4,,
9086,2838,601,1,,
9087,2839,566,2,,
9088,2839,38,3,,
9089,2839,38,4,,
9090,2839,603,1,,
9091,2840,604,2,,
9092,2840,604,3,,
9093,2840,605,4,,
9094,2840,606,1,,
9095,2841,607,2,,
9096,2841,607,3,,
9097,2841,608,1,,
9098,2842,609,2,,
9099,2842,316,3,,
9100,2842,601,4,,
9101,2842,601,1,,
9102,2843,30,2,,
9103,2843,141,3,,
9104,2843,141,4,,
9105,2843,141,1,,
9106,2844,610,2,,
9107,2844,610,3,,
9108,2844,115,4,,
9109,2844,610,1,,
9110,2845,611,1,,
9111,2846,612,1,,
9112,2847,613,1,,
9113,2848,480,1,,
9114,2849,614,1,,
9115,2850,143,2,,
9116,2850,143,3,,
9117,2850,142,4,,
9118,2850,142,1,,
9119,2851,143,2,,
9120,2851,143,3,,
9121,2851,142,4,,
9122,2851,142,1,,
9123,2852,187,1,,
9124,2853,615,1,,
9125,2854,392,2,,
9126,2854,410,3,,
9127,2854,600,4,,
9128,2854,600,1,,
9129,2855,616,1,,
9130,2856,580,2,,
9131,2856,580,3,,
9132,2856,581,4,,
9133,2856,581,1,,
9134,2857,154,2,,
9135,2857,580,3,,
9136,2857,65,4,,
9137,2857,580,1,,
9138,2858,617,1,,
9139,2859,566,2,,
9140,2859,38,3,,
9141,2859,38,4,,
9142,2859,618,1,,
9143,2860,619,2,,
9144,2860,620,3,,
9145,2860,552,4,,
9146,2860,621,1,,
9147,2861,610,2,,
9148,2861,610,3,,
9149,2861,115,4,,
9150,2861,610,1,,
9151,2862,369,2,,
9152,2862,622,3,,
9153,2862,623,4,,
9154,2862,613,1,,
9155,2863,369,2,,
9156,2863,622,3,,
9157,2863,114,4,,
9158,2863,613,1,,
9159,2864,624,2,,
9160,2864,624,3,,
9161,2864,325,4,,
9162,2864,624,1,,
9163,2865,625,2,,
9164,2865,625,3,,
9165,2865,65,4,,
9166,2865,625,1,,
9167,2866,626,2,,
9168,2866,626,3,,
9169,2866,627,4,,
9170,2866,628,1,,
9171,2867,97,2,,
9172,2867,97,3,,
9173,2867,116,4,,
9174,2867,216,1,,
9175,2868,600,1,,
9176,2869,392,2,,
9177,2869,410,3,,
9178,2869,600,4,,
9179,2869,600,1,,
9180,2870,331,2,,
9181,2870,331,3,,
9182,2870,331,4,,
9183,2870,616,1,,
9184,2871,629,2,,
9185,2871,630,3,,
9186,2871,616,4,,
9187,2871,616,1,,
9188,2872,600,1,,
9189,2873,631,2,,
9190,2873,410,3,,
9191,2873,600,4,,
9192,2873,600,1,,
9193,2874,632,2,,
9194,2874,633,3,,
9195,2874,634,4,,
9196,2874,611,1,,
9197,2875,635,2,,
9198,2875,635,3,,
9199,2875,177,4,,
9200,2875,635,1,,
9201,2876,223,2,,
9202,2876,223,3,,
9203,2876,120,4,,
9204,2876,223,1,,
9205,2877,104,2,,
9206,2877,104,3,,
9207,2877,122,4,,
9208,2877,104,1,,
9209,2878,636,2,,
9210,2878,636,3,,
9211,2878,637,4,,
9212,2878,636,1,,
9213,2879,331,2,,
9214,2879,331,3,,
9215,2879,331,4,,
9216,2879,116,5,,
9217,2879,616,1,,
9218,2880,331,2,,
9219,2880,331,3,,
9220,2880,331,4,,
9221,2880,114,5,,
9222,2880,616,1,,
9223,2881,249,2,,
9224,2881,249,3,,
9225,2881,638,4,,
9226,2881,249,1,,
9227,2882,369,2,,
9228,2882,369,3,,
9229,2882,114,4,,
9230,2882,613,1,,
9231,2883,143,2,,
9232,2883,143,3,,
9233,2883,142,4,,
9234,2883,142,1,,
9235,2884,143,2,,
9236,2884,143,3,,
9237,2884,143,4,,
9238,2884,143,1,,
9239,2885,369,2,,
9240,2885,622,3,,
9241,2885,114,4,,
9242,2885,613,1,,
9243,2886,369,2,,
9244,2886,369,3,,
9245,2886,114,4,,
9246,2886,613,1,,
9247,2887,369,2,,
9248,2887,622,3,,
9249,2887,114,4,,
9250,2887,613,1,,
9251,2888,639,2,,
9252,2888,640,3,,
9253,2888,114,4,,
9254,2888,580,1,,
9255,2889,641,1,,
9256,2890,642,2,,
9257,2890,577,3,,
9258,2890,177,4,,
9259,2890,635,1,,
9260,2891,223,2,,
9261,2891,223,3,,
9262,2891,223,4,,
9263,2891,223,1,,
9264,2892,369,2,,
9265,2892,622,3,,
9266,2892,114,4,,
9267,2892,622,1,,
9268,2893,287,2,,
9269,2893,643,3,,
9270,2893,644,4,,
9271,2893,644,1,,
9272,2894,305,2,,
9273,2894,229,3,,
9274,2894,454,4,,
9275,2894,229,1,,
9276,2895,222,2,,
9277,2895,222,3,,
9278,2895,325,4,,
9279,2895,645,1,,
9280,2896,222,2,,
9281,2896,222,3,,
9282,2896,328,4,,
9283,2896,431,1,,
9284,2897,222,2,,
9285,2897,222,3,,
9286,2897,328,4,,
9287,2897,646,1,,
9288,2898,222,2,,
9289,2898,222,3,,
9290,2898,647,4,,
9291,2898,648,1,,
9292,2899,222,2,,
9293,2899,289,3,,
9294,2899,289,4,,
9295,2899,649,1,,
9296,2900,222,2,,
9297,2900,222,3,,
9298,2900,318,4,,
9299,2900,650,1,,
9300,2901,222,2,,
9301,2901,222,3,,
9302,2901,651,4,,
9303,2901,652,1,,
9304,2902,222,2,,
9305,2902,222,3,,
9306,2902,97,4,,
9307,2902,97,1,,
9308,2903,222,2,,
9309,2903,222,3,,
9310,2903,653,4,,
9311,2903,654,1,,
9312,2904,222,2,,
9313,2904,38,3,,
9314,2904,653,4,,
9315,2904,655,1,,
9316,2905,222,2,,
9317,2905,222,3,,
9318,2905,325,4,,
9319,2905,645,1,,
9320,2906,222,2,,
9321,2906,313,3,,
9322,2906,313,4,,
9323,2906,656,7,,
9324,2906,230,1,,
9325,2907,222,2,,
9326,2907,222,3,,
9327,2907,657,4,,
9328,2907,658,1,,
9329,2908,222,2,,
9330,2908,659,3,,
9331,2908,660,4,,
9332,2908,661,1,,
9333,2909,222,2,,
9334,2909,222,3,,
9335,2909,328,4,,
9336,2909,646,1,,
9337,2910,222,2,,
9338,2910,222,3,,
9339,2910,662,4,,
9340,2910,663,1,,
9341,2911,222,2,,
9342,2911,313,3,,
9343,2911,313,4,,
9344,2911,230,1,,
9345,2912,222,2,,
9346,2912,222,3,,
9347,2912,454,4,,
9348,2912,664,1,,
9349,2913,213,2,,
9350,2913,222,3,,
9351,2913,665,4,,
9352,2913,666,1,,
9353,2914,222,2,,
9354,2914,222,3,,
9355,2914,325,4,,
9356,2914,652,1,,
9357,2915,222,2,,
9358,2915,313,3,,
9359,2915,313,4,,
9360,2915,656,7,,
9361,2915,230,1,,
9362,2916,222,2,,
9363,2916,222,3,,
9364,2916,327,4,,
9365,2916,431,1,,
9366,2917,222,2,,
9367,2917,321,3,,
9368,2917,321,4,,
9369,2917,667,1,,
9370,2918,222,2,,
9371,2918,222,3,,
9372,2918,325,4,,
9373,2918,645,1,,
9374,2919,222,2,,
9375,2919,222,3,,
9376,2919,65,4,,
9377,2919,668,1,,
9378,2920,222,2,,
9379,2920,313,3,,
9380,2920,313,4,,
9381,2920,230,1,,
9382,2921,222,2,,
9383,2921,222,3,,
9384,2921,328,4,,
9385,2921,669,1,,
9386,2922,222,2,,
9387,2922,38,3,,
9388,2922,670,4,,
9389,2922,649,1,,
9390,2923,222,2,,
9391,2923,222,3,,
9392,2923,325,4,,
9393,2923,645,1,,
9394,2924,222,2,,
9395,2924,222,3,,
9396,2924,671,4,,
9397,2924,672,1,,
9398,2925,222,2,,
9399,2925,222,3,,
9400,2925,318,4,,
9401,2925,650,1,,
9402,2926,222,2,,
9403,2926,222,3,,
9404,2926,308,4,,
9405,2926,666,1,,
9406,2927,222,2,,
9407,2927,222,3,,
9408,2927,322,4,,
9409,2927,652,1,,
9410,2928,222,2,,
9411,2928,222,3,,
9412,2928,322,4,,
9413,2928,645,1,,
9414,2929,222,2,,
9415,2929,222,3,,
9416,2929,321,4,,
9417,2929,648,1,,
9418,2930,222,2,,
9419,2930,222,3,,
9420,2930,328,4,,
9421,2930,646,1,,
9422,2931,222,2,,
9423,2931,222,3,,
9424,2931,673,4,,
9425,2931,648,1,,
9426,2932,222,2,,
9427,2932,222,3,,
9428,2932,318,4,,
9429,2932,674,1,,
9430,2933,222,2,,
9431,2933,222,3,,
9432,2933,314,4,,
9433,2933,675,1,,
9434,2934,222,2,,
9435,2934,222,3,,
9436,2934,325,4,,
9437,2934,645,1,,
9438,2935,222,2,,
9439,2935,222,3,,
9440,2935,330,4,,
9441,2935,676,1,,
9442,2936,222,2,,
9443,2936,222,3,,
9444,2936,321,4,,
9445,2936,431,1,,
9446,2937,222,2,,
9447,2937,38,3,,
9448,2937,122,4,,
9449,2937,649,1,,
9450,2938,222,2,,
9451,2938,222,3,,
9452,2938,328,4,,
9453,2938,677,1,,
9454,2939,222,2,,
9455,2939,38,3,,
9456,2939,653,4,,
9457,2939,655,1,,
9458,2940,222,2,,
9459,2940,222,3,,
9460,2940,444,4,,
9461,2940,678,1,,
9462,2941,222,2,,
9463,2941,222,3,,
9464,2941,114,4,,
9465,2941,645,1,,
9466,2942,222,2,,
9467,2942,313,3,,
9468,2942,313,4,,
9469,2942,230,1,,
9470,2943,222,2,,
9471,2943,222,3,,
9472,2943,116,4,,
9473,2943,230,1,,
9474,2944,222,2,,
9475,2944,222,3,,
9476,2944,318,4,,
9477,2944,648,1,,
9478,2945,222,2,,
9479,2945,222,3,,
9480,2945,326,4,,
9481,2945,679,1,,
9482,2946,222,2,,
9483,2946,222,3,,
9484,2946,322,4,,
9485,2946,680,1,,
9486,2947,222,2,,
9487,2947,222,3,,
9488,2947,681,4,,
9489,2947,682,1,,
9490,2948,222,2,,
9491,2948,222,3,,
9492,2948,65,4,,
9493,2948,683,1,,
9494,2949,222,2,,
9495,2949,222,3,,
9496,2949,308,4,,
9497,2949,666,1,,
9498,2950,222,2,,
9499,2950,222,3,,
9500,2950,662,4,,
9501,2950,663,1,,
9502,2951,222,2,,
9503,2951,222,3,,
9504,2951,327,4,,
9505,2951,431,1,,
9506,2952,222,2,,
9507,2952,222,3,,
9508,2952,325,4,,
9509,2952,684,1,,
9510,2953,222,2,,
9511,2953,313,3,,
9512,2953,685,4,,
9513,2953,230,1,,
9514,2954,222,2,,
9515,2954,222,3,,
9516,2954,330,4,,
9517,2954,645,1,,
9518,2997,104,2,,
9519,2997,104,3,,
9520,2997,122,4,,
9521,2998,200,2,,
9522,2998,104,3,,
9523,2998,115,4,,
9524,2999,117,2,,
9525,2999,104,3,,
9526,2999,115,4,,
9527,3000,117,2,,
9528,3000,104,3,,
9529,3000,115,4,,
9530,3001,117,2,,
9531,3001,104,3,,
9532,3001,115,4,,
9533,3002,200,2,,
9534,3002,104,3,,
9535,3002,115,4,,
9536,3003,2,2,,
9537,3003,104,3,,
9538,3003,115,4,,
9539,3004,104,2,,
9540,3004,104,3,,
9541,3004,115,4,,
9542,3005,104,2,,
9543,3005,104,3,,
9544,3005,115,4,,
9545,3006,104,2,,
9546,3006,104,3,,
9547,3006,115,4,,
9548,3007,200,2,,
9549,3007,104,3,,
9550,3007,122,4,,
9551,3008,104,2,,
9552,3008,104,3,,
9553,3008,115,4,,
9554,3009,200,2,,
9555,3009,104,3,,
9556,3009,122,4,,
9557,3010,392,2,,
9558,3010,104,3,,
9559,3010,114,4,,
9560,3011,200,2,,
9561,3011,104,3,,
9562,3011,114,4,,
9563,3012,104,2,,
9564,3012,104,3,,
9565,3012,122,4,,
9566,3013,392,2,,
9567,3013,104,3,,
9568,3013,116,4,,
9569,3014,392,2,,
9570,3014,104,3,,
9571,3014,114,4,,
9572,3015,104,2,,
9573,3015,104,3,,
9574,3015,122,4,,
9575,3016,104,2,,
9576,3016,104,3,,
9577,3016,122,4,,
9578,3017,200,2,,
9579,3017,104,3,,
9580,3017,122,4,,
9581,3018,104,2,,
9582,3018,104,3,,
9583,3018,114,4,,
9584,3038,125,2,,
9585,3038,104,3,,
9586,3038,686,4,,
9587,3039,2,2,,
9588,3039,104,3,,
9589,3039,104,4,,
9590,3040,125,2,,
9591,3040,104,3,,
9592,3040,115,4,,
9593,3041,687,2,,
9594,3041,104,3,,
9595,3041,114,4,,
9596,3042,231,2,,
9597,3042,104,3,,
9598,3042,688,4,,
9599,3043,392,2,,
9600,3043,104,3,,
9601,3043,114,4,,
9602,3044,90,2,,
9603,3044,104,3,,
9604,3044,329,4,,
9605,3045,125,2,,
9606,3045,104,3,,
9607,3045,686,4,,
9608,3046,689,2,,
9609,3046,104,3,,
9610,3046,688,4,,
9611,3047,37,2,,
9612,3047,104,3,,
9613,3047,122,4,,
9614,3048,607,2,,
9615,3048,104,3,,
9616,3048,485,4,,
9617,3049,690,2,,
9618,3049,690,3,,
9619,3049,688,4,,
9620,3050,104,2,,
9621,3050,104,3,,
9622,3050,691,4,,
9623,3051,104,2,,
9624,3051,104,3,,
9625,3051,691,4,,
9626,3052,692,2,,
9627,3052,104,3,,
9628,3052,121,4,,
9629,3053,693,2,,
9630,3053,689,3,,
9631,3053,694,4,,
9632,3054,200,2,,
9633,3054,104,3,,
9634,3054,691,4,,
9635,3055,124,2,,
9636,3055,124,3,,
9637,3055,116,4,,
9638,3056,124,2,,
9639,3056,124,3,,
9640,3056,116,4,,
9641,3057,124,2,,
9642,3057,124,3,,
9643,3057,116,4,,
9644,3058,125,2,,
9645,3058,2,3,,
9646,3058,116,4,,
9647,3059,125,2,,
9648,3059,97,3,,
9649,3059,116,4,,
9650,3060,125,2,,
9651,3060,124,3,,
9652,3060,116,4,,
9653,3061,124,2,,
9654,3061,124,3,,
9655,3061,116,4,,
9656,3062,124,2,,
9657,3062,124,3,,
9658,3062,116,4,,
9659,3063,124,2,,
9660,3063,188,3,,
9661,3063,116,4,,
9662,3064,695,2,,
9663,3064,124,3,,
9664,3064,116,4,,
9665,3065,124,2,,
9666,3065,124,3,,
9667,3065,116,4,,
9668,3066,37,2,,
9669,3066,124,3,,
9670,3066,116,4,,
9671,3067,696,2,,
9672,3067,124,3,,
9673,3067,116,4,,
9674,3068,124,2,,
9675,3068,124,3,,
9676,3068,697,4,,
9677,3069,124,2,,
9678,3069,124,3,,
9679,3069,116,4,,
9680,3070,124,2,,
9681,3070,124,3,,
9682,3070,651,4,,
9683,3071,696,2,,
9684,3071,124,3,,
9685,3071,116,4,,
9686,3072,698,2,,
9687,3072,124,3,,
9688,3072,116,4,,
9689,3073,124,2,,
9690,3073,124,3,,
9691,3073,651,4,,
9692,3074,696,2,,
9693,3074,124,3,,
9694,3074,116,4,,
9695,3075,200,2,,
9696,3075,97,3,,
9697,3075,116,4,,
9698,3076,200,2,,
9699,3076,124,3,,
9700,3076,697,4,,
9701,3077,695,2,,
9702,3077,124,3,,
9703,3077,699,4,,
9704,3078,117,2,,
9705,3078,124,3,,
9706,3078,114,4,,
9707,3079,200,2,,
9708,3079,97,3,,
9709,3079,116,4,,
9710,3080,200,2,,
9711,3080,124,3,,
9712,3080,697,4,,
9713,3081,265,2,,
9714,3081,124,3,,
9715,3081,700,4,,
9716,3082,124,2,,
9717,3082,124,3,,
9718,3082,124,4,,
9719,3083,124,2,,
9720,3083,124,3,,
9721,3083,124,4,,
9722,3084,124,2,,
9723,3084,124,3,,
9724,3084,114,4,,
9725,3085,200,2,,
9726,3085,124,3,,
9727,3085,697,4,,
9728,3086,200,2,,
9729,3086,97,3,,
9730,3086,116,4,,
9731,3087,117,2,,
9732,3087,124,3,,
9733,3087,114,4,,
9734,3088,265,2,,
9735,3088,124,3,,
9736,3088,700,4,,
9737,3089,696,2,,
9738,3089,124,3,,
9739,3089,116,4,,
9740,3090,695,2,,
9741,3090,124,3,,
9742,3090,699,4,,
9743,3091,124,2,,
9744,3091,124,3,,
9745,3091,116,4,,
9746,3092,125,2,,
9747,3092,124,3,,
9748,3092,116,4,,
9749,3093,125,2,,
9750,3093,97,3,,
9751,3093,116,4,,
9752,3094,124,2,,
9753,3094,124,3,,
9754,3094,116,4,,
9755,3095,701,2,,
9756,3095,124,3,,
9757,3095,702,4,,
9758,3096,124,2,,
9759,3096,124,3,,
9760,3096,114,4,,
9761,3097,104,2,,
9762,3097,104,3,,
9763,3097,124,4,,
9764,3098,2,2,,
9765,3098,124,3,,
9766,3098,121,4,,
9767,3099,124,2,,
9768,3099,104,3,,
9769,3099,703,4,,
9770,3100,705,2,,
9771,3100,706,3,,
9772,3100,707,4,,
9773,3101,705,2,,
9774,3101,708,3,,
9775,3101,709,4,,
9776,3102,705,2,,
9777,3102,706,3,,
9778,3102,709,4,,
9779,3103,710,2,,
9780,3103,711,3,,
9781,3103,709,4,,
9782,3104,705,2,,
9783,3104,708,3,,
9784,3104,709,4,,
9785,3105,705,2,,
9786,3105,706,3,,
9787,3105,709,4,,
9788,3106,705,2,,
9789,3106,706,3,,
9790,3106,709,4,,
9791,3107,705,2,,
9792,3107,708,3,,
9793,3107,712,4,,
9794,3108,705,2,,
9795,3108,713,3,,
9796,3108,707,4,,
9797,3109,705,2,,
9798,3109,714,3,,
9799,3109,707,4,,
9800,3110,705,2,,
9801,3110,706,3,,
9802,3110,707,4,,
9803,3111,705,2,,
9804,3111,706,3,,
9805,3111,715,4,,
9806,3112,705,2,,
9807,3112,716,3,,
9808,3112,716,4,,
9809,3113,705,2,,
9810,3113,708,3,,
9811,3113,715,4,,
9812,3114,221,2,,
9813,3114,221,3,,
9814,3114,717,4,,
9815,3115,221,2,,
9816,3115,221,3,,
9817,3115,717,4,,
9818,3116,221,2,,
9819,3116,221,3,,
9820,3116,718,4,,
9821,3117,221,2,,
9822,3117,221,3,,
9823,3117,718,4,,
9824,3118,221,2,,
9825,3118,221,3,,
9826,3118,719,4,,
9827,3119,221,2,,
9828,3119,221,3,,
9829,3119,321,4,,
9830,3120,221,2,,
9831,3120,221,3,,
9832,3120,717,4,,
9833,3121,221,2,,
9834,3121,221,3,,
9835,3121,720,4,,
9836,3122,221,2,,
9837,3122,221,3,,
9838,3122,717,4,,
9839,3123,221,2,,
9840,3123,221,3,,
9841,3123,314,4,,
9842,3124,221,2,,
9843,3124,221,3,,
9844,3124,721,4,,
9845,3125,221,2,,
9846,3125,221,3,,
9847,3125,278,4,,
9848,3126,221,2,,
9849,3126,221,3,,
9850,3126,320,4,,
9851,3127,221,2,,
9852,3127,221,3,,
9853,3127,718,4,,
9854,3128,221,2,,
9855,3128,221,3,,
9856,3128,221,4,,
9857,3129,636,2,,
9858,3129,636,3,,
9859,3129,637,4,,
9860,3129,722,5,,
9861,3130,636,2,,
9862,3130,636,3,,
9863,3130,637,4,,
9864,3130,722,5,,
9865,3131,636,2,,
9866,3131,636,3,,
9867,3131,637,4,,
9868,3131,320,5,,
9869,3132,636,2,,
9870,3132,636,3,,
9871,3132,637,4,,
9872,3132,722,5,,
9873,3133,636,2,,
9874,3133,636,3,,
9875,3133,722,4,,
9876,3134,636,2,,
9877,3134,636,3,,
9878,3134,637,4,,
9879,3134,722,5,,
9880,3135,636,2,,
9881,3135,636,3,,
9882,3135,722,4,,
9883,3136,636,2,,
9884,3136,636,3,,
9885,3136,637,4,,
9886,3137,636,2,,
9887,3137,636,3,,
9888,3137,722,4,,
9889,3138,636,2,,
9890,3138,636,3,,
9891,3138,637,4,,
9892,3138,320,5,,
9893,3139,636,2,,
9894,3139,636,3,,
9895,3139,637,4,,
9896,3139,722,5,,
9897,3140,636,2,,
9898,3140,636,3,,
9899,3140,637,4,,
9900,3141,636,2,,
9901,3141,636,3,,
9902,3141,722,4,,
9903,3142,636,2,,
9904,3142,636,3,,
9905,3142,722,4,,
9906,3143,636,2,,
9907,3143,636,3,,
9908,3143,637,4,,
9909,3144,636,2,,
9910,3144,636,3,,
9911,3144,637,4,,
9912,3145,636,2,,
9913,3145,636,3,,
9914,3145,637,4,,
9915,3146,636,2,,
9916,3146,636,3,,
9917,3146,637,4,,
9918,3147,636,2,,
9919,3147,637,3,,
9920,3147,637,4,,
9921,3148,636,2,,
9922,3148,636,3,,
9923,3148,722,4,,
9924,3149,636,2,,
9925,3149,636,3,,
9926,3150,636,2,,
9927,3150,636,3,,
9928,3151,636,2,,
9929,3151,636,3,,
9930,3152,636,2,,
9931,3152,636,3,,
9932,3153,636,2,,
9933,3153,636,3,,
9934,3154,636,2,,
9935,3154,636,3,,
9936,3155,636,2,,
9937,3155,636,3,,
9938,3156,636,2,,
9939,3156,636,3,,
9940,3157,723,2,,
9941,3157,724,3,,
9942,3158,636,2,,
9943,3158,636,3,,
9944,3159,636,2,,
9945,3159,636,3,,
9946,3159,637,4,,
9947,3160,636,2,,
9948,3160,636,3,,
9949,3160,637,4,,
9950,3161,636,2,,
9951,3161,636,3,,
9952,3161,637,4,,
9953,3162,636,2,,
9954,3162,636,3,,
9955,3162,637,4,,
9956,3163,636,2,,
9957,3163,636,3,,
9958,3163,725,4,,
9959,3163,726,5,,
9960,3164,636,2,,
9961,3164,636,3,,
9962,3164,727,4,,
9963,3165,636,2,,
9964,3165,636,3,,
9965,3165,637,4,,
9966,3166,636,2,,
9967,3166,636,3,,
9968,3166,636,4,,
9969,3167,636,2,,
9970,3167,636,3,,
9971,3167,728,4,,
9972,3168,636,2,,
9973,3168,636,3,,
9974,3168,729,4,,
9975,3169,636,2,,
9976,3169,636,3,,
9977,3169,637,4,,
9978,3170,636,2,,
9979,3170,636,3,,
9980,3170,637,4,,
9981,3171,730,3,,
9982,3171,730,4,,
9983,3172,730,3,,
9984,3172,730,4,,
9985,3173,731,3,,
9986,3173,731,4,,
9987,3174,731,3,,
9988,3174,731,4,,
9989,3175,730,3,,
9990,3175,730,4,,
9991,3176,731,3,,
9992,3176,731,4,,
9993,3177,730,3,,
9994,3177,730,4,,
9995,3178,731,3,,
9996,3178,731,4,,
9997,3179,730,3,,
9998,3179,730,4,,
9999,3180,730,3,,
10000,3180,730,4,,
10001,3181,730,3,,
10002,3181,730,4,,
10003,3182,730,3,,
10004,3182,730,4,,
10005,3183,731,3,,
10006,3183,731,4,,
10007,3184,731,3,,
10008,3184,731,4,,
10009,3185,731,3,,
10010,3185,731,4,,
10011,3186,730,3,,
10012,3186,730,4,,
10013,3187,730,3,,
10014,3187,730,4,,
10015,3188,731,3,,
10016,3188,731,4,,
10017,3189,731,3,,
10018,3189,731,4,,
10019,3190,731,3,,
10020,3190,731,4,,
10021,3191,730,3,,
10022,3191,730,4,,
10023,3192,730,3,,
10024,3192,730,4,,
10025,3193,731,3,,
10026,3193,731,4,,
10027,3194,730,3,,
10028,3194,730,4,,
10029,3195,730,3,,
10030,3195,730,4,,
10031,3196,730,3,,
10032,3196,730,4,,
10033,3197,28,2,,
10034,3197,28,3,,
10035,3197,28,4,,
10036,3198,28,2,,
10037,3198,28,3,,
10038,3198,28,4,,
10039,3199,28,2,,
10040,3199,28,3,,
10041,3199,28,4,,
10042,3200,28,2,,
10043,3200,28,3,,
10044,3200,28,4,,
10045,3201,28,2,,
10046,3201,28,3,,
10047,3201,28,4,,
10048,3202,28,2,,
10049,3202,28,3,,
10050,3202,28,4,,
10051,3203,28,2,,
10052,3203,28,3,,
10053,3203,28,4,,
10054,3204,222,3,,
10055,3204,732,4,,
10056,3205,222,3,,
10057,3205,732,4,,
10058,3206,222,3,,
10059,3206,732,4,,
10060,3207,222,3,,
10061,3207,732,4,,
10062,3208,222,3,,
10063,3208,732,4,,
10064,3209,222,3,,
10065,3209,732,4,,
10066,3210,222,3,,
10067,3210,732,4,,
10068,3211,222,3,,
10069,3211,732,4,,
10070,3212,222,3,,
10071,3212,732,4,,
10072,3213,222,3,,
10073,3213,732,4,,
10074,3214,222,3,,
10075,3214,732,4,,
10076,3215,222,3,,
10077,3215,732,4,,
10078,3216,222,3,,
10079,3216,732,4,,
10080,3217,222,3,,
10081,3217,732,4,,
10082,3218,222,3,,
10083,3218,732,4,,
10084,3219,222,3,,
10085,3219,732,4,,
10086,3220,222,3,,
10087,3220,732,4,,
10088,3221,222,3,,
10089,3221,732,4,,
10090,3222,222,3,,
10091,3222,732,4,,
10092,3223,222,3,,
10093,3223,732,4,,
10094,3224,222,3,,
10095,3224,732,4,,
10096,3225,222,3,,
10097,3225,732,4,,
10098,3226,222,3,,
10099,3226,732,4,,
10100,3227,222,3,,
10101,3227,732,4,,
10102,3228,222,3,,
10103,3228,732,4,,
10104,3229,222,3,,
10105,3229,732,4,,
10106,3230,222,3,,
10107,3230,732,4,,
10108,3231,222,3,,
10109,3231,732,4,,
10110,3232,222,3,,
10111,3232,732,4,,
10112,3233,222,3,,
10113,3233,732,4,,
10114,3234,222,3,,
10115,3234,732,4,,
10116,3235,222,3,,
10117,3235,732,4,,
10118,3236,222,3,,
10119,3236,732,4,,
10120,3237,222,3,,
10121,3237,732,4,,
10122,3238,222,3,,
10123,3238,732,4,,
10124,3239,222,3,,
10125,3239,732,4,,
10126,3240,222,3,,
10127,3240,732,4,,
10128,3241,222,3,,
10129,3241,732,4,,
10130,3242,222,3,,
10131,3242,732,4,,
10132,3243,222,3,,
10133,3243,732,4,,
10134,3244,222,3,,
10135,3244,732,4,,
10136,3245,222,3,,
10137,3245,732,4,,
10138,3246,222,3,,
10139,3246,732,4,,
10140,3247,222,3,,
10141,3247,732,4,,
10142,3248,222,3,,
10143,3248,732,4,,
10144,3249,222,3,,
10145,3249,732,4,,
10146,3250,222,3,,
10147,3250,732,4,,
10148,3251,222,3,,
10149,3251,732,4,,
10150,3252,222,3,,
10151,3252,732,4,,
10152,3253,222,3,,
10153,3253,732,4,,
10154,3254,222,3,,
10155,3254,732,4,,
10156,3255,222,3,,
10157,3255,732,4,,
10158,3256,222,3,,
10159,3256,732,4,,
10160,3257,222,3,,
10161,3257,732,4,,
10162,3258,222,3,,
10163,3258,732,4,,
10164,3259,222,3,,
10165,3259,733,4,,
10166,3260,222,3,,
10167,3260,732,4,,
10168,3261,222,3,,
10169,3261,732,4,,
10170,3262,222,3,,
10171,3262,732,4,,
10172,3263,222,3,,
10173,3263,732,4,,
10174,3264,222,3,,
10175,3264,732,4,,
10176,3265,222,3,,
10177,3265,732,4,,
10178,3266,222,3,,
10179,3266,732,4,,
10180,3267,222,3,,
10181,3267,732,4,,
10182,3268,222,3,,
10183,3268,732,4,,
10184,3269,222,3,,
10185,3269,732,4,,
10186,3270,222,3,,
10187,3270,733,4,,
10188,3271,222,3,,
10189,3271,733,4,,
10190,3272,222,3,,
10191,3272,732,4,,
10192,3273,222,3,,
10193,3273,732,4,,
10194,3274,222,3,,
10195,3274,732,4,,
10196,3275,222,3,,
10197,3275,732,4,,
10198,3276,222,3,,
10199,3276,732,4,,
10200,3277,222,3,,
10201,3277,732,4,,
10202,3278,222,3,,
10203,3278,732,4,,
10204,3279,222,3,,
10205,3279,732,4,,
10206,3280,222,3,,
10207,3280,732,4,,
10208,3281,222,3,,
10209,3281,732,4,,
10210,3282,222,3,,
10211,3282,732,4,,
10212,3283,735,2,,
10213,3283,735,3,,
10214,3283,736,3,,
10215,3283,734,4,,
10216,3284,735,2,,
10217,3284,735,3,,
10218,3284,736,3,,
10219,3284,734,4,,
10220,3285,735,2,,
10221,3285,735,3,,
10222,3285,736,3,,
10223,3285,734,4,,
10224,3286,738,2,,
10225,3286,738,3,,
10226,3286,737,4,,
10227,3287,738,2,,
10228,3287,738,3,,
10229,3287,737,4,,
10230,3288,739,2,,
10231,3288,739,3,,
10232,3288,737,4,,
10233,3289,738,2,,
10234,3289,738,3,,
10235,3289,737,4,,
10236,3290,740,2,,
10237,3290,740,3,,
10238,3290,737,4,,
10239,3291,740,2,,
10240,3291,740,3,,
10241,3291,737,4,,
10242,3292,740,2,,
10243,3292,740,3,,
10244,3292,737,4,,
10245,3293,738,2,,
10246,3293,738,3,,
10247,3293,737,4,,
10248,3294,741,2,,
10249,3294,739,3,,
10250,3294,737,4,,
10251,3295,740,2,,
10252,3295,740,3,,
10253,3295,737,4,,
10254,3296,738,2,,
10255,3296,738,3,,
10256,3296,737,4,,
10257,3297,740,2,,
10258,3297,740,3,,
10259,3297,737,4,,
10260,3298,740,2,,
10261,3298,740,3,,
10262,3298,737,4,,
10263,3299,740,2,,
10264,3299,740,3,,
10265,3299,742,4,,
10266,3300,740,2,,
10267,3300,740,3,,
10268,3300,742,4,,
10269,3301,740,2,,
10270,3301,740,3,,
10271,3301,742,4,,
10272,3302,740,2,,
10273,3302,740,3,,
10274,3302,742,4,,
10275,3303,740,2,,
10276,3303,740,3,,
10277,3303,742,4,,
10278,3304,740,2,,
10279,3304,740,3,,
10280,3304,742,4,,
10281,3305,740,2,,
10282,3305,740,3,,
10283,3305,742,4,,
10284,3306,740,2,,
10285,3306,740,3,,
10286,3306,742,4,,
10287,3307,740,2,,
10288,3307,740,3,,
10289,3307,742,4,,
10290,3308,740,2,,
10291,3308,740,3,,
10292,3308,742,4,,
10293,3309,740,2,,
10294,3309,740,3,,
10295,3309,742,4,,
10296,3310,740,2,,
10297,3310,740,3,,
10298,3310,742,4,,
10299,3311,380,2,,
10300,3311,380,3,,
10301,3311,743,4,,
10302,3312,744,2,,
10303,3312,744,3,,
10304,3312,743,4,,
10305,3313,745,2,,
10306,3313,745,3,,
10307,3313,743,4,,
10308,3314,745,2,,
10309,3314,380,3,,
10310,3314,743,4,,
10311,3315,380,2,,
10312,3315,380,3,,
10313,3315,743,4,,
10314,3316,746,2,,
10315,3316,746,3,,
10316,3316,743,4,,
10317,3317,747,2,,
10318,3317,747,3,,
10319,3317,743,4,,
10320,3318,380,2,,
10321,3318,380,3,,
10322,3318,743,4,,
10323,3319,744,2,,
10324,3319,744,3,,
10325,3319,743,4,,
10326,3320,747,2,,
10327,3320,747,3,,
10328,3320,743,4,,
10329,3321,380,2,,
10330,3321,380,3,,
10331,3321,743,4,,
10332,3322,747,2,,
10333,3322,747,3,,
10334,3322,743,4,,
10335,3323,380,2,,
10336,3323,380,3,,
10337,3323,743,4,,
10338,3324,747,2,,
10339,3324,380,3,,
10340,3324,743,4,,
10341,3325,380,2,,
10342,3325,380,3,,
10343,3325,743,4,,
10344,3326,380,2,,
10345,3326,380,3,,
10346,3326,743,4,,
10347,3327,744,2,,
10348,3327,744,3,,
10349,3327,743,4,,
10350,3328,745,2,,
10351,3328,745,3,,
10352,3328,743,4,,
10353,3329,747,2,,
10354,3329,747,3,,
10355,3329,743,4,,
10356,3330,748,2,,
10357,3330,749,3,,
10358,3330,743,4,,
10359,3331,380,2,,
10360,3331,380,3,,
10361,3331,380,4,,
10362,3332,380,2,,
10363,3332,380,3,,
10364,3332,380,4,,
10365,3333,380,2,,
10366,3333,380,3,,
10367,3333,380,4,,
10368,3334,380,2,,
10369,3334,380,3,,
10370,3334,380,4,,
10371,3335,380,2,,
10372,3335,380,3,,
10373,3335,380,4,,
10374,3336,380,2,,
10375,3336,380,3,,
10376,3336,380,4,,
10377,3337,380,2,,
10378,3337,750,3,,
10379,3337,380,4,,
10380,3338,380,2,,
10381,3338,380,3,,
10382,3338,380,4,,
10383,3339,380,2,,
10384,3339,380,3,,
10385,3339,380,4,,
10386,3340,380,2,,
10387,3340,380,3,,
10388,3340,380,4,,
10389,3341,380,2,,
10390,3341,380,3,,
10391,3341,380,4,,
10392,3342,380,2,,
10393,3342,380,3,,
10394,3342,380,4,,
10395,3343,380,2,,
10396,3343,380,3,,
10397,3343,380,4,,
10398,3344,380,2,,
10399,3344,380,3,,
10400,3344,380,4,,
10401,3345,380,2,,
10402,3345,380,3,,
10403,3345,380,4,,
10404,3346,380,2,,
10405,3346,380,3,,
10406,3346,380,4,,
10407,3347,751,2,,
10408,3347,751,3,,
10409,3347,380,4,,
10410,3348,380,2,,
10411,3348,380,3,,
10412,3348,380,4,,
10413,3349,751,2,,
10414,3349,751,3,,
10415,3349,380,4,,
10416,3350,380,2,,
10417,3350,380,3,,
10418,3350,380,4,,
10419,3351,380,2,,
10420,3351,380,3,,
10421,3351,380,4,,
10422,3352,380,2,,
10423,3352,380,3,,
10424,3352,380,4,,
10425,3353,751,2,,
10426,3353,751,3,,
10427,3353,380,4,,
10428,3354,751,2,,
10429,3354,751,3,,
10430,3354,380,4,,
10431,3355,752,2,,
10432,3355,752,3,,
10433,3355,380,4,,
10434,3356,380,2,,
10435,3356,380,3,,
10436,3356,380,4,,
10437,3357,380,2,,
10438,3357,380,3,,
10439,3357,380,4,,
10440,3358,380,2,,
10441,3358,380,3,,
10442,3358,380,4,,
10443,3359,380,2,,
10444,3359,380,3,,
10445,3359,380,4,,
10446,3360,380,2,,
10447,3360,380,3,,
10448,3360,380,4,,
10449,3361,380,2,,
10450,3361,380,3,,
10451,3361,380,4,,
10452,3362,380,2,,
10453,3362,380,3,,
10454,3362,380,4,,
10455,3363,380,2,,
10456,3363,380,3,,
10457,3363,380,4,,
10458,3364,380,2,,
10459,3364,380,3,,
10460,3364,380,4,,
10461,3365,380,2,,
10462,3365,380,3,,
10463,3365,380,4,,
10464,3366,380,2,,
10465,3366,380,3,,
10466,3366,380,4,,
10467,3367,754,2,,
10468,3367,754,3,,
10469,3367,753,4,,
10470,3368,754,2,,
10471,3368,754,3,,
10472,3368,753,4,,
10473,3369,754,2,,
10474,3369,754,3,,
10475,3369,753,4,,
10476,3370,754,2,,
10477,3370,754,3,,
10478,3370,753,4,,
10479,3371,754,2,,
10480,3371,754,3,,
10481,3371,753,4,,
10482,3372,754,2,,
10483,3372,754,3,,
10484,3372,753,4,,
10485,3373,754,2,,
10486,3373,754,3,,
10487,3373,753,4,,
10488,3374,755,2,,
10489,3374,754,3,,
10490,3374,753,4,,
10491,3375,754,2,,
10492,3375,754,3,,
10493,3375,753,4,,
10494,3376,754,2,,
10495,3376,754,3,,
10496,3376,753,4,,
10497,3377,757,2,,
10498,3377,758,3,,
10499,3377,759,4,,
10500,3378,757,2,,
10501,3378,758,3,,
10502,3378,759,4,,
10503,3379,758,2,,
10504,3379,758,3,,
10505,3379,759,4,,
10506,3380,757,2,,
10507,3380,758,3,,
10508,3380,759,4,,
10509,3381,758,2,,
10510,3381,758,3,,
10511,3381,759,4,,
10512,3381,760,5,,
10513,3382,758,2,,
10514,3382,758,3,,
10515,3382,759,4,,
10516,3383,758,2,,
10517,3383,758,3,,
10518,3383,759,4,,
10519,3384,758,2,,
10520,3384,758,3,,
10521,3384,759,4,,
10522,3385,758,2,,
10523,3385,758,3,,
10524,3385,759,4,,
10525,3386,758,2,,
10526,3386,758,3,,
10527,3386,759,4,,
10528,3387,758,2,,
10529,3387,758,3,,
10530,3387,759,4,,
10531,3388,757,2,,
10532,3388,758,3,,
10533,3388,759,4,,
10534,3388,761,6,,
10535,3389,758,2,,
10536,3389,758,3,,
10537,3389,759,4,,
10538,3389,762,6,,
10539,3390,758,2,,
10540,3390,758,3,,
10541,3390,759,4,,
10542,3391,763,2,,
10543,3391,758,3,,
10544,3391,764,4,,
10545,3392,757,2,,
10546,3392,758,3,,
10547,3392,759,4,,
10548,3393,758,2,,
10549,3393,758,3,,
10550,3393,756,4,,
10551,3394,765,2,,
10552,3394,758,3,,
10553,3394,766,4,,
10554,3395,757,2,,
10555,3395,758,3,,
10556,3395,756,4,,
10557,3396,758,2,,
10558,3396,758,3,,
10559,3396,767,4,,
10560,3397,757,2,,
10561,3397,758,3,,
10562,3397,756,4,,
10563,3398,758,2,,
10564,3398,758,3,,
10565,3398,756,4,,
10566,3399,757,2,,
10567,3399,758,3,,
10568,3399,756,4,,
10569,3400,757,2,,
10570,3400,758,3,,
10571,3400,767,4,,
10572,3401,757,2,,
10573,3401,758,3,,
10574,3401,756,4,,
10575,3402,758,2,,
10576,3402,758,3,,
10577,3402,756,4,,
10578,3403,758,2,,
10579,3403,758,3,,
10580,3403,767,4,,
10581,3404,768,2,,
10582,3404,758,3,,
10583,3404,756,4,,
10584,3405,758,2,,
10585,3405,758,3,,
10586,3405,756,4,,
10587,3406,769,2,,
10588,3406,770,3,,
10589,3406,771,4,,
10590,3407,505,2,,
10591,3407,505,3,,
10592,3408,505,2,,
10593,3408,505,3,,
10594,3409,505,2,,
10595,3409,505,3,,
10596,3410,505,2,,
10597,3410,771,3,,
10598,3410,771,4,,
10599,3411,505,2,,
10600,3411,505,3,,
10601,3411,772,4,,
10602,3412,505,2,,
10603,3412,505,3,,
10604,3412,772,4,,
10605,3413,769,2,,
10606,3413,770,3,,
10607,3413,771,4,,
10608,3414,505,2,,
10609,3414,505,3,,
10610,3414,773,4,,
10611,3415,505,2,,
10612,3415,505,3,,
10613,3415,773,4,,
10614,3416,505,2,,
10615,3416,505,3,,
10616,3416,771,4,,
10617,3417,769,2,,
10618,3417,770,3,,
10619,3417,773,4,,
10620,3418,505,2,,
10621,3418,774,3,,
10622,3418,773,4,,
10623,3419,505,2,,
10624,3419,775,3,,
10625,3419,771,4,,
10626,3420,776,2,,
10627,3420,776,3,,
10628,3420,771,4,,
10629,3421,505,2,,
10630,3421,777,3,,
10631,3421,771,4,,
10632,3422,505,2,,
10633,3422,505,3,,
10634,3422,505,4,,
10635,3423,505,2,,
10636,3423,505,3,,
10637,3424,505,2,,
10638,3424,505,3,,
